-- phpMyAdmin SQL Dump
-- version 3.2.2.1deb1
-- http://www.phpmyadmin.net
--
-- Host: localhost
-- Generation Time: Jun 15, 2010 at 05:28 PM
-- Server version: 5.1.37
-- PHP Version: 5.2.10-2ubuntu6.4

SET SQL_MODE="NO_AUTO_VALUE_ON_ZERO";


/*!40101 SET @OLD_CHARACTER_SET_CLIENT=@@CHARACTER_SET_CLIENT */;
/*!40101 SET @OLD_CHARACTER_SET_RESULTS=@@CHARACTER_SET_RESULTS */;
/*!40101 SET @OLD_COLLATION_CONNECTION=@@COLLATION_CONNECTION */;
/*!40101 SET NAMES utf8 */;

--
-- Database: `yammy`
--
CREATE DATABASE `yammy` DEFAULT CHARACTER SET utf8 COLLATE utf8_persian_ci;
USE `yammy`;

-- --------------------------------------------------------

--
-- Table structure for table `abuse`
--

CREATE TABLE IF NOT EXISTS `abuse` (
  `id` int(10) unsigned NOT NULL AUTO_INCREMENT,
  `user_id` int(10) unsigned NOT NULL,
  `type` tinyint(4) NOT NULL COMMENT '1:badNaming;2:badMessage;3:others',
  `sender` int(10) unsigned NOT NULL,
  `date` datetime NOT NULL,
  PRIMARY KEY (`id`)
) ENGINE=InnoDB  DEFAULT CHARSET=latin1 AUTO_INCREMENT=7 ;

--
-- Dumping data for table `abuse`
--

INSERT INTO `abuse` (`id`, `user_id`, `type`, `sender`, `date`) VALUES
(1, 2, 0, 6, '2010-04-25 15:48:17'),
(2, 28, 0, 6, '2010-05-01 10:53:50'),
(3, 2, 1, 1, '2010-05-05 11:36:29'),
(4, 2, 2, 1, '2010-05-05 11:36:35'),
(5, 2, 3, 1, '2010-05-05 11:36:40'),
(6, 1, 1, 33, '2010-06-09 14:16:27');

-- --------------------------------------------------------

--
-- Table structure for table `accessories`
--

CREATE TABLE IF NOT EXISTS `accessories` (
  `id` int(11) NOT NULL AUTO_INCREMENT,
  `name` varchar(255) CHARACTER SET utf8 COLLATE utf8_persian_ci NOT NULL,
  `description` text CHARACTER SET ucs2 COLLATE ucs2_persian_ci NOT NULL,
  `type` tinyint(4) NOT NULL COMMENT '0:not defined,1:offensive,2:defensive,3:help,4:other',
  `group` tinyint(4) NOT NULL DEFAULT '0',
  `price` int(11) NOT NULL,
  `level` tinyint(4) NOT NULL DEFAULT '0',
  `sell_cost` int(11) NOT NULL,
  `effect` int(11) NOT NULL,
  `life_time` int(11) NOT NULL COMMENT 'with hour unit(for offensive acc is time to effect in target-in defensive object life time of acc)',
  PRIMARY KEY (`id`)
) ENGINE=MyISAM  DEFAULT CHARSET=latin1 AUTO_INCREMENT=46 ;

--
-- Dumping data for table `accessories`
--

INSERT INTO `accessories` (`id`, `name`, `description`, `type`, `group`, `price`, `level`, `sell_cost`, `effect`, `life_time`) VALUES
(1, 'aphid', 'شته میتونه در یک ساعت ۳۰درصد از سلامت گیاه کم کنه', 1, 1, 20, 3, 0, 30, 1),
(20, 'clipper', 'برای اینکه بتونی لوبیا رو برداشت کنی به قیچی باغبانی نیاز پیدا می کنی', 4, 20, 50, 4, 0, 0, 0),
(2, 'grasshoppers', 'اگه ملخ تو مزرعه ای بندازی میتونه تو ۱ ساعت از سلامت گیاهاش ۵۰٪ کم کنه', 1, 1, 250, 4, 0, 50, 1),
(3, 'sprayer', 'اگه سمپاش بخری مزرعت به صورت اتومات سمپاشی میشه', 2, 1, 500, 4, 0, 0, 0),
(21, 'shovel', 'برای کاشت گوجه فرنگی نیاز به بیلچه خواهی داشت', 4, 20, 100, 5, 0, 0, 0),
(4, 'mouse', 'موش در سه ساعت میتونه ۱۰٪ از کل مزرعه رو بخوره', 1, 2, 400, 5, 0, 60, 3),
(5, 'gun', 'با استفاده از تفنگ میتونی یک سری حملاتو دفع کنی', 2, 2, 300, 5, 0, 0, 0),
(40, 'lamp', 'لامپ اشعه دار باعث میشه رشد گیاهانت ۲۵٪ سریعتر بشه', 4, 10, 500, 6, 0, 25, 0),
(6, 'crow', 'کلاغ میتونه طی ۲ ساعت ۲۰کیلوگرم محصول بخوره', 1, 2, 800, 6, 0, 240, 1),
(7, 'scarecrow', 'اگه واسه مزرعت مترسک بخری باعث میشه ۵۰٪ از اثر حملات کلاغ ها کم بشه', 2, 2, 900, 6, 0, 50, 24),
(8, 'dog', 'سگ باعث میشه ۱۰٪ کمتر محصولاتت توسط حیوونهای مهاجم دزدیده بشه و همینطور با پارس کردن ۵ تا از دوستاتو خبر میکنه', 2, 2, 1000, 7, 0, 10, 72),
(42, 'tractor', 'اگه واسه مزرعت تراکتور بخری شخم زدن مزرعه برات مجانی میشه', 4, 11, 500, 3, 0, 0, 0),
(43, 'stand', 'برای کاشت بادمجان نیاز به پایه ی نگه دارنده ی گیاه خواهی داشت', 4, 20, 300, 8, 0, 0, 0),
(44, 'heater', 'با استفاده از گرمکن میتونی شب ها هم گیاهاتو گرم نگخ داری و رشد گیاهات ۳۰٪ سریعتر بشه', 4, 10, 1000, 9, 0, 30, 0),
(45, 'silo', 'در مرحله ۱۰ بازی برای اینکه بتونی از محصولاتت نگهداری کنی نیاز به خرید سیلو داری', 4, 20, 5000, 10, 0, 0, 0);

-- --------------------------------------------------------

--
-- Table structure for table `farmaccessories`
--

CREATE TABLE IF NOT EXISTS `farmaccessories` (
  `id` int(11) NOT NULL AUTO_INCREMENT,
  `farm_id` int(11) NOT NULL,
  `accessory_id` int(11) NOT NULL,
  `count` tinyint(4) NOT NULL,
  `create_date` int(11) NOT NULL,
  `modified_date` int(11) NOT NULL,
  `expire_date` int(11) NOT NULL DEFAULT '0',
  PRIMARY KEY (`id`)
) ENGINE=MyISAM  DEFAULT CHARSET=latin1 AUTO_INCREMENT=71 ;

--
-- Dumping data for table `farmaccessories`
--

INSERT INTO `farmaccessories` (`id`, `farm_id`, `accessory_id`, `count`, `create_date`, `modified_date`, `expire_date`) VALUES
(1, 1, 1, 0, 1268121348, 1268459630, 0),
(2, 2, 1, 4, 1268128122, 1268128130, 0),
(3, 1, 20, 1, 1268193386, 1268193386, 0),
(4, 1, 2, 2, 1268195544, 1269745958, 0),
(22, 14, 1, 7, 1270530532, 1270617958, 0),
(6, 2, 2, 10, 1268207279, 1268207541, 0),
(7, 2, 3, 1, 1268207419, 1268207419, 0),
(8, 1, 21, 1, 1268453012, 1268453012, 0),
(9, 1, 4, 8, 1268458789, 1269747157, 0),
(10, 2, 20, 1, 1268469372, 1268469372, 0),
(11, 2, 21, 1, 1268469479, 1268469479, 0),
(12, 2, 5, 7, 1268472837, 1269747170, 0),
(13, 2, 6, 2, 1268550107, 1268630040, 0),
(14, 1, 40, 1, 1268553454, 1268553454, 0),
(15, 1, 5, 10, 1268553736, 1268553751, 0),
(23, 16, 1, 0, 1270532731, 1276589326, 0),
(24, 14, 20, 1, 1270617156, 1270617156, 0),
(25, 16, 20, 1, 1270617756, 1270617756, 0),
(26, 16, 3, 1, 1270617935, 1270617935, 0),
(27, 14, 2, 1, 1270623157, 1270623157, 0),
(28, 14, 3, 1, 2010, 2010, 0),
(31, 20, 42, 1, 1272682953, 1272682953, 0),
(32, 1, 43, 1, 1272765301, 1272765301, 0),
(33, 1, 44, 1, 1272767379, 1272767379, 0),
(34, 1, 45, 1, 1272771340, 1272771340, 0),
(69, 23, 42, 1, 1276483472, 1276483472, 0),
(68, 23, 20, 1, 1276483268, 1276483268, 0),
(67, 23, 3, 1, 1276483238, 1276483238, 0),
(66, 23, 40, 1, 1276482475, 1276482475, 0),
(65, 23, 5, 5, 1276482145, 1276483956, 0),
(64, 23, 8, 1, 1276482136, 1276482136, 1276757536),
(70, 16, 2, 0, 1276584057, 1276588808, 0),
(62, 23, 21, 1, 1276481928, 1276481928, 0),
(60, 23, 4, 5, 1276414913, 1276484009, 0),
(59, 23, 2, 6, 1276414905, 1276584013, 0),
(58, 23, 1, 9, 1276414901, 1276483462, 0),
(57, 23, 45, 1, 1276320264, 1276320264, 0);

-- --------------------------------------------------------

--
-- Table structure for table `farmmissions`
--

CREATE TABLE IF NOT EXISTS `farmmissions` (
  `id` int(11) NOT NULL AUTO_INCREMENT,
  `farm_id` int(11) NOT NULL,
  `mission_id` smallint(6) NOT NULL,
  `plant_id` int(11) NOT NULL,
  `stack` int(11) NOT NULL DEFAULT '0',
  `status` tinyint(4) NOT NULL COMMENT '0:onWay;1:success;2:faild',
  `create_date` int(11) NOT NULL,
  `modified_date` int(11) NOT NULL,
  PRIMARY KEY (`id`)
) ENGINE=MyISAM  DEFAULT CHARSET=latin1 AUTO_INCREMENT=122 ;

--
-- Dumping data for table `farmmissions`
--

INSERT INTO `farmmissions` (`id`, `farm_id`, `mission_id`, `plant_id`, `stack`, `status`, `create_date`, `modified_date`) VALUES
(1, 1, 5, 1, 0, 2, 1268477315, 1268562636),
(2, 2, 4, 2, 0, 1, 1268481974, 1268482053),
(3, 2, 5, 3, 0, 2, 1268482081, 1268552578),
(4, 2, 5, 4, 0, 2, 1268552588, 1268555712),
(5, 2, 5, 5, 0, 1, 1268555872, 1268555894),
(6, 2, 6, 6, 0, 1, 1268562877, 1268563565),
(7, 1, 6, 7, 0, 2, 1268566062, 1268635941),
(8, 1, 7, 8, 0, 2, 1268637808, 1268718092),
(9, 2, 7, 9, 0, 2, 1269677090, 1269756145),
(10, 2, 7, 10, 0, 2, 1269756158, 1269779054),
(15, 12, 2, 15, 0, 2, 1269851173, 1269856549),
(14, 12, 1, 14, 0, 1, 1269850996, 1269851157),
(16, 12, 2, 16, 0, 0, 1269856588, 1269856588),
(17, 1, 2, 17, 0, 2, 1269861814, 1269866648),
(18, 1, 2, 18, 0, 2, 1269937053, 1269942702),
(19, 1, 2, 19, 0, 2, 1269946043, 1269949957),
(21, 1, 2, 21, 0, 2, 1269950269, 1269950542),
(22, 1, 2, 22, 0, 2, 1269950933, 1270017499),
(92, 23, 10, 95, 5, 2, 1276069051, 1276336017),
(93, 25, 1, 96, 4, 2, 1276072175, 1276076213),
(34, 14, 2, 37, 5, 2, 1270374390, 1270533831),
(33, 16, 1, 36, 4, 2, 1270289666, 1270546974),
(37, 16, 1, 40, 23, 1, 1270546987, 1270547054),
(38, 16, 3, 41, 6, 2, 1270548134, 1270623972),
(39, 16, 3, 42, 35, 1, 1270623985, 1270633925),
(40, 14, 3, 43, 36, 1, 1270628060, 1270628098),
(41, 14, 4, 44, 16, 2, 1270633360, 1270885400),
(42, 16, 4, 45, 0, 0, 1270633958, 1270633958),
(96, 27, 1, 99, 4, 2, 1276088956, 1276089029),
(94, 25, 1, 97, 8, 2, 1276076437, 1276322742),
(97, 25, 1, 100, 12, 2, 1276322986, 1276329071),
(49, 1, 8, 52, 420, 1, 1272782342, 1272782373),
(54, 1, 9, 57, 951, 2, 1272786242, 1272786290),
(53, 1, 9, 56, 391, 2, 1272785647, 1272786222),
(95, 28, 1, 98, 4, 2, 1276086525, 1276323058),
(106, 25, 3, 109, 6, 2, 1276338890, 1276415411),
(101, 27, 7, 104, 0, 0, 1276330204, 1276330204),
(100, 28, 1, 103, 12, 2, 1276329349, 1276333055),
(99, 25, 1, 102, 32, 1, 1276329086, 1276330955),
(98, 28, 1, 101, 8, 2, 1276323115, 1276329276),
(103, 28, 1, 106, 32, 1, 1276333068, 1276335016),
(104, 28, 2, 107, 25, 1, 1276335610, 1276346432),
(105, 23, 10, 108, 9, 2, 1276336471, 1276346367),
(107, 23, 10, 110, 13, 2, 1276346551, 1276407293),
(108, 23, 10, 111, 29, 2, 1276407412, 1276413364),
(109, 25, 3, 112, 12, 2, 1276415436, 1276495769),
(110, 23, 10, 112, 1400, 2, 1276427040, 1276514840),
(111, 25, 3, 114, 18, 2, 1276495779, 1276586454),
(112, 23, 9, 115, 64, 2, 1276515322, 1276515368),
(113, 23, 9, 116, 169, 2, 1276515534, 1276515589),
(114, 23, 9, 117, 309, 2, 1276515764, 1276515782),
(115, 23, 9, 118, 869, 2, 1276516099, 1276516127),
(117, 23, 9, 120, 1429, 1, 1276516304, 1276516320),
(118, 23, 1, 121, 79, 1, 1276516383, 1276516424),
(120, 23, 10, 123, 1400, 0, 1276580882, 1276580882),
(121, 25, 3, 124, 18, 0, 1276586619, 1276586619);

-- --------------------------------------------------------

--
-- Table structure for table `farmresources`
--

CREATE TABLE IF NOT EXISTS `farmresources` (
  `id` int(11) NOT NULL AUTO_INCREMENT,
  `resource_id` int(11) NOT NULL,
  `farm_id` int(11) NOT NULL,
  `count` tinyint(4) NOT NULL DEFAULT '1',
  `create_date` date NOT NULL,
  `modified_date` date NOT NULL,
  PRIMARY KEY (`id`)
) ENGINE=MyISAM  DEFAULT CHARSET=latin1 AUTO_INCREMENT=62 ;

--
-- Dumping data for table `farmresources`
--

INSERT INTO `farmresources` (`id`, `resource_id`, `farm_id`, `count`, `create_date`, `modified_date`) VALUES
(1, 1, 1, 10, '2010-03-06', '2010-03-30'),
(2, 2, 1, 2, '2010-03-06', '2010-03-30'),
(3, 1, 2, 5, '2010-03-07', '2010-03-27'),
(4, 2, 2, 1, '2010-03-07', '2010-03-27'),
(5, 1, 3, 10, '2010-03-29', '2010-03-29'),
(6, 2, 3, 5, '2010-03-29', '2010-03-29'),
(7, 1, 4, 10, '2010-03-29', '2010-03-29'),
(8, 2, 4, 5, '2010-03-29', '2010-03-29'),
(9, 1, 5, 10, '2010-03-29', '2010-03-29'),
(10, 2, 5, 5, '2010-03-29', '2010-03-29'),
(11, 1, 6, 10, '2010-03-29', '2010-03-29'),
(12, 1, 7, 10, '2010-03-29', '2010-03-29'),
(13, 2, 7, 5, '2010-03-29', '2010-03-29'),
(14, 1, 8, 10, '2010-03-29', '2010-03-29'),
(15, 2, 8, 5, '2010-03-29', '2010-03-29'),
(16, 1, 9, 10, '2010-03-29', '2010-03-29'),
(17, 2, 9, 5, '2010-03-29', '2010-03-29'),
(18, 1, 10, 10, '2010-03-29', '2010-03-29'),
(19, 2, 10, 5, '2010-03-29', '2010-03-29'),
(20, 1, 11, 10, '2010-03-29', '2010-03-29'),
(21, 2, 11, 5, '2010-03-29', '2010-03-29'),
(22, 1, 12, 5, '2010-03-29', '2010-03-29'),
(23, 2, 12, 2, '2010-03-29', '2010-03-29'),
(26, 1, 13, 9, '2010-04-03', '2010-04-03'),
(27, 2, 13, 4, '2010-04-03', '2010-04-03'),
(28, 1, 14, 4, '2010-04-03', '2010-06-02'),
(29, 2, 14, 4, '2010-04-03', '2010-06-02'),
(30, 1, 15, 8, '2010-04-03', '2010-04-03'),
(31, 2, 15, 4, '2010-04-03', '2010-04-03'),
(32, 1, 16, 2, '2010-04-03', '2010-04-13'),
(33, 2, 16, 0, '2010-04-03', '2010-04-07'),
(34, 1, 17, 10, '2010-04-27', '2010-04-27'),
(35, 2, 17, 5, '2010-04-27', '2010-04-27'),
(36, 1, 18, 10, '2010-04-27', '2010-04-27'),
(37, 2, 18, 5, '2010-04-27', '2010-04-27'),
(38, 1, 19, 10, '2010-04-27', '2010-04-27'),
(39, 2, 19, 5, '2010-04-27', '2010-04-27'),
(40, 1, 20, 10, '2010-04-27', '2010-04-27'),
(41, 2, 20, 5, '2010-04-27', '2010-04-27'),
(42, 1, 21, 10, '2010-05-02', '2010-05-02'),
(43, 2, 21, 5, '2010-05-02', '2010-05-02'),
(44, 1, 22, 10, '2010-05-02', '2010-05-02'),
(45, 2, 22, 5, '2010-05-02', '2010-05-02'),
(46, 1, 23, 4, '2010-05-08', '2010-06-15'),
(47, 2, 23, 3, '2010-05-08', '2010-06-15'),
(48, 0, 1, 1, '2010-05-11', '2010-05-11'),
(49, 1, 24, 10, '2010-06-02', '2010-06-02'),
(50, 2, 24, 5, '2010-06-02', '2010-06-02'),
(51, 1, 25, 6, '2010-06-08', '2010-06-15'),
(52, 2, 25, 7, '2010-06-08', '2010-06-15'),
(53, 1, 26, 10, '2010-06-09', '2010-06-09'),
(54, 2, 26, 5, '2010-06-09', '2010-06-09'),
(55, 1, 27, 10, '2010-06-09', '2010-06-09'),
(56, 2, 27, 5, '2010-06-09', '2010-06-09'),
(57, 1, 28, 1, '2010-06-09', '2010-06-12'),
(58, 2, 28, 3, '2010-06-09', '2010-06-12'),
(59, 0, 1, 1, '2010-06-15', '2010-06-15'),
(60, 0, 1, 1, '2010-06-15', '2010-06-15'),
(61, 0, 1, 1, '2010-06-15', '2010-06-15');

-- --------------------------------------------------------

--
-- Table structure for table `farms`
--

CREATE TABLE IF NOT EXISTS `farms` (
  `id` int(11) NOT NULL AUTO_INCREMENT,
  `user_id` int(11) NOT NULL,
  `name` varchar(255) COLLATE utf8_persian_ci NOT NULL,
  `money` int(11) NOT NULL DEFAULT '500',
  `section` tinyint(4) NOT NULL DEFAULT '1' COMMENT 'size of farm area',
  `plow` tinyint(1) NOT NULL DEFAULT '0',
  `level` int(11) NOT NULL DEFAULT '1' COMMENT 'level of the user',
  `create_date` date NOT NULL,
  `modified_date` date NOT NULL,
  `disactive` smallint(6) NOT NULL DEFAULT '0',
  PRIMARY KEY (`id`)
) ENGINE=MyISAM  DEFAULT CHARSET=utf8 COLLATE=utf8_persian_ci AUTO_INCREMENT=29 ;

--
-- Dumping data for table `farms`
--

INSERT INTO `farms` (`id`, `user_id`, `name`, `money`, `section`, `plow`, `level`, `create_date`, `modified_date`, `disactive`) VALUES
(1, 1, 'Farm-1', 826002, 4, 1, 11, '2010-03-06', '2010-06-15', 1),
(2, 2, 'Farm-2', 1500, 2, 1, 7, '2010-03-07', '2010-05-01', 0),
(20, 28, 'جعفر', 3400, 1, 1, 3, '2010-04-27', '2010-05-02', 0),
(16, 7, 'Farm-5', 740, 1, 1, 4, '2010-04-03', '2010-06-15', 0),
(14, 6, 'Farm-4', 5450, 1, 1, 1, '2010-04-03', '2010-06-02', 0),
(12, 3, 'Farm-3', 9730, 1, 1, 1, '2010-03-29', '2010-03-29', 0),
(23, 31, 'کشمیشی', 373395, 4, 1, 10, '2010-05-08', '2010-06-15', 0),
(24, 32, 'mark', 500, 1, 0, 1, '2010-06-02', '2010-06-02', 0),
(25, 33, 'عمه جان', 13705, 1, 1, 3, '2010-06-08', '2010-06-15', 0),
(26, 51, 'kjhkjh', 500, 1, 0, 1, '2010-06-09', '2010-06-09', 0),
(27, 52, 'yiuyiuy', 0, 3, 1, 7, '2010-06-09', '2010-06-12', 0),
(28, 53, 'دولابچه سرا', 4940, 1, 0, 3, '2010-06-09', '2010-06-12', 0);

-- --------------------------------------------------------

--
-- Table structure for table `farmtransactions`
--

CREATE TABLE IF NOT EXISTS `farmtransactions` (
  `id` int(11) NOT NULL AUTO_INCREMENT,
  `offset_farm` int(11) NOT NULL DEFAULT '0',
  `goal_farm` int(11) NOT NULL,
  `accessory_id` int(11) NOT NULL,
  `type` tinyint(4) NOT NULL COMMENT '0:notDefined;1:offensive;2:defensive;3:help;4:other',
  `details` text CHARACTER SET utf8 COLLATE utf8_persian_ci NOT NULL COMMENT 'description and data holder; 1: addResourceToFriendPlant;2x:deffendFreindFarmAgainst(x)accessoryId;3:moneyHelp',
  `flag` tinyint(4) NOT NULL DEFAULT '0' COMMENT '0:onWAy,1:done,2:reject',
  `alert_flag` tinyint(4) NOT NULL DEFAULT '0' COMMENT 'used for dog alert and etc',
  `create_date` int(11) NOT NULL,
  `modified_date` int(11) NOT NULL,
  `efficacy_date` int(11) NOT NULL,
  PRIMARY KEY (`id`)
) ENGINE=MyISAM DEFAULT CHARSET=latin1 AUTO_INCREMENT=1 ;

--
-- Dumping data for table `farmtransactions`
--


-- --------------------------------------------------------

--
-- Table structure for table `invitations`
--

CREATE TABLE IF NOT EXISTS `invitations` (
  `id` int(10) unsigned NOT NULL AUTO_INCREMENT,
  `user_id` int(10) unsigned NOT NULL,
  `friend_email` varchar(100) NOT NULL,
  `status` tinyint(1) unsigned zerofill NOT NULL,
  `hash` varchar(45) NOT NULL,
  `date_invited` datetime NOT NULL,
  `date_answered` datetime NOT NULL,
  PRIMARY KEY (`id`)
) ENGINE=InnoDB  DEFAULT CHARSET=utf8 AUTO_INCREMENT=3 ;

--
-- Dumping data for table `invitations`
--

INSERT INTO `invitations` (`id`, `user_id`, `friend_email`, `status`, `hash`, `date_invited`, `date_answered`) VALUES
(1, 6, 'mark@mark.com', 1, '7abbd8c953987cfba7f2c1795ae99a9e', '2010-04-18 11:50:28', '2010-04-18 11:52:23'),
(2, 6, 'mark@mark222.com', 0, '9b67eb905f61d96cd769b5b6ddbf35e9', '2010-04-27 12:53:04', '0000-00-00 00:00:00');

-- --------------------------------------------------------

--
-- Table structure for table `messages`
--

CREATE TABLE IF NOT EXISTS `messages` (
  `id` int(10) unsigned NOT NULL AUTO_INCREMENT,
  `from` int(10) unsigned NOT NULL,
  `to` int(10) unsigned NOT NULL,
  `date` timestamp NOT NULL DEFAULT CURRENT_TIMESTAMP ON UPDATE CURRENT_TIMESTAMP,
  `ip` varchar(45) NOT NULL,
  `status` tinyint(1) unsigned NOT NULL DEFAULT '1' COMMENT '1:ok, 2:deleted',
  `message` text NOT NULL,
  `checked` tinyint(1) unsigned NOT NULL,
  `title` varchar(250) NOT NULL,
  PRIMARY KEY (`id`)
) ENGINE=MyISAM  DEFAULT CHARSET=utf8 AUTO_INCREMENT=102 ;

--
-- Dumping data for table `messages`
--

INSERT INTO `messages` (`id`, `from`, `to`, `date`, `ip`, `status`, `message`, `checked`, `title`) VALUES
(1, 1, 2, '2010-03-15 15:18:17', '127.0.0.5', 1, 'به مزرعه دوستت حمله شده و الان خودش بالا سره مزرعش نیست اگه میتونی برو و کمکش کن.  <a href=''http://yammy/farms/view/1''>مزرعه دوستت</a>', 1, 'هر چه سریعتر بو دوستت کمک کن'),
(2, 1, 2, '2010-03-15 15:18:46', '127.0.0.5', 1, 'به مزرعه دوستت حمله شده و الان خودش بالا سره مزرعش نیست اگه میتونی برو و کمکش کن.  <a href=''http://yammy/farms/view/1''>مزرعه دوستت</a>', 0, 'هر چه سریعتر بو دوستت کمک کن'),
(3, 1, 2, '2010-03-15 15:22:02', '127.0.0.5', 1, 'به مزرعه دوستت حمله شده و الان خودش بالا سره مزرعش نیست اگه میتونی برو و کمکش کن.  <a href=''http://yammy/farms/view/1''>مزرعه دوستت</a>', 0, 'هر چه سریعتر بو دوستت کمک کن'),
(4, 1, 2, '2010-03-15 15:32:35', '127.0.0.5', 1, 'به مزرعه دوستت حمله شده و الان خودش بالا سره مزرعش نیست اگه میتونی برو و کمکش کن.  <a href=''http://yammy/farms/view/1''>مزرعه دوستت</a>', 1, 'هر چه سریعتر بو دوستت کمک کن'),
(5, 0, 2, '2010-03-27 14:34:21', '127.0.0.5', 1, 'موش ها سر فرصت مزرعتو خراب کردند و ۱۰کیلوگرم از محصولاتتو خوردن', 0, '__NOTIFICATIONMESSAGE__'),
(6, 0, 2, '2010-03-27 14:51:47', '127.0.0.5', 1, 'موش ها سر فرصت مزرعتو خراب کردند و ۱۰کیلوگرم از محصولاتتو خوردن', 0, '__NOTIFICATIONMESSAGE__'),
(7, 0, 2, '2010-03-27 14:59:22', '127.0.0.5', 1, 'موش ها رو از مزرعت فراری دادی', 0, '__NOTIFICATIONMESSAGE__'),
(8, 1, 3, '2010-03-29 10:18:31', '127.0.0.5', 1, 'حالا میتونی از پروفایلت بری و مزرعه داریتو شروع کنی', 0, 'به سرزمین یامی خوس اومدی!'),
(9, 1, 4, '2010-04-03 10:23:37', '127.0.0.5', 1, 'حالا میتونی از پروفایلت بری و مزرعه داریتو شروع کنی', 0, 'به سرزمین یامی خوس اومدی!'),
(10, 1, 5, '2010-04-03 10:24:55', '127.0.0.5', 1, 'حالا میتونی از پروفایلت بری و مزرعه داریتو شروع کنی', 0, 'به سرزمین یامی خوس اومدی!'),
(12, 1, 7, '2010-04-03 14:02:18', '127.0.0.5', 1, 'حالا میتونی از پروفایلت بری و مزرعه داریتو شروع کنی', 0, 'به سرزمین یامی خوس اومدی!'),
(13, 1, 8, '2010-04-05 17:14:36', '192.168.1.221', 1, 'حالا میتونی از پروفایلت بری و مزرعه داریتو شروع کنی', 0, 'به سرزمین یامی خوس اومدی!'),
(42, 6, 7, '2010-04-24 14:26:51', '192.168.1.199', 1, '\naasd\nasd\nas\nda\nsd\nasd\nas\nd\nas\ndasdasd\nasdasda\nasdasdasdas\nasdasdasdasdasd\nasdasda', 0, 'پیغام از طرف کاربر'),
(43, 6, 1, '2010-04-24 14:28:35', '192.168.1.199', 1, 'asd\nasd\nasd\nasd\nas\ndas\nd\nasdasdasd\nasdasdasdasd\nasdasdasdasd\n', 1, 'پیغام از طرف کاربر'),
(15, 0, 9, '2010-04-19 10:43:19', '192.168.1.199', 1, 'حالا میتونی از پروفایلت بری و مزرعه داریتو شروع کنی', 0, 'به سرزمین یامی خوس اومدی!'),
(53, 6, 28, '2010-04-28 16:08:33', '192.168.1.199', 1, 'sdfsdf', 0, 'پیغام از طرف کاربر'),
(54, 6, 28, '2010-04-28 16:08:43', '192.168.1.199', 1, 'jhgjhgjhg', 0, 'پیغام از طرف کاربر'),
(55, 6, 28, '2010-04-28 16:08:50', '192.168.1.199', 1, 'jhgjhgjhg', 0, 'پیغام از طرف کاربر'),
(56, 6, 28, '2010-05-01 10:52:47', '192.168.1.199', 1, 'در صورت تمایل,\r\n	<a href=''http://192.168.1.199/yammy/index.php/gateway/accept_friend/6/''>\r\n	تایید کن!\r\n	</a>\r\n        در غیر اینصورت\r\n        <a href=''http://192.168.1.199/yammy/index.php/gateway/ignore_friend/6''>\r\n        نادیده بگیر\r\n        </a>\r\n        ', 1, 'تقاضای دوستی از طرف کاربر'),
(32, 1, 10, '2010-04-21 11:42:48', '192.168.1.73', 1, 'حالا میتونی از پروفایلت بری و مزرعه داریتو شروع کنی', 0, 'به سرزمین یامی خوس اومدی!'),
(52, 6, 28, '2010-04-27 12:24:51', '192.168.1.199', 1, 'در صورت تمایل,\r\n	<a href=''http://192.168.1.199/yammy/index.php/gateway/accept_friend/6/''>\r\n	تایید کن!\r\n	</a>\r\n        در غیر اینصورت\r\n        <a href=''http://192.168.1.199/yammy/index.php/gateway/ignore_friend/6''>\r\n        نادیده بگیر\r\n        </a>\r\n        ', 1, 'تقاضای دوستی از طرف کاربر'),
(41, 6, 7, '2010-04-24 14:25:45', '192.168.1.199', 1, 'ghfgf\nghfhgfhgfghf\nhgfhgfhgfhgfgh\nsd\nfsd\nfs\ndf\nsdf\nsd\nfs\ndf\nsdf\ns\ndf\nsdf\nsdfsdfsdf\nsdfsdfsdfsdf\nsdf\nsdf\nsd\nfsd\nfsd\nfsd\nfsd\n', 0, 'پیغام از طرف کاربر'),
(45, 1, 6, '2010-04-24 15:00:00', '192.168.1.199', 1, 'hgfhgfhgf\nsdf\nsd\nfs\ndf\nsdf\nsdf\nsdf\nsdf\nsd\nfsd\nfsd\nfsd\nfsd\nfsd\nfsd\nfsd\nfsdf\nsd\nf\nsfdf\n', 1, 'پیغام از طرف Mark'),
(46, 6, 0, '2010-04-25 14:41:37', '192.168.1.199', 1, '', 0, ''),
(47, 6, 2, '2010-04-25 16:03:26', '192.168.1.199', 1, 'jhgjhgjhg', 0, 'پیغام از طرف کاربر'),
(48, 6, 2, '2010-04-25 16:04:29', '192.168.1.199', 1, 'jhgjhgjg', 0, 'پیغام از طرف کاربر'),
(49, 6, 2, '2010-04-25 16:06:02', '192.168.1.199', 1, 'kjhkjhkjhkjh', 0, 'پیغام از طرف کاربر'),
(50, 1, 28, '2010-04-27 13:54:51', '192.168.1.199', 1, 'حالا میتونی از پروفایلت بری و مزرعه داریتو شروع کنی', 1, 'به سرزمین یامی خوس اومدی!'),
(57, 1, 28, '2010-05-01 14:34:47', '192.168.1.199', 1, 'در صورت تمایل,\r\n	<a href=''http://192.168.1.199/yammy/index.php/gateway/accept_friend/1/''>\r\n	تایید کن!\r\n	</a>\r\n        در غیر اینصورت\r\n        <a href=''http://192.168.1.199/yammy/index.php/gateway/ignore_friend/1''>\r\n        نادیده بگیر\r\n        </a>\r\n        ', 1, 'تقاضای دوستی از طرف Mark'),
(58, 1, 29, '2010-05-02 15:18:06', '192.168.1.199', 1, 'حالا میتونی از پروفایلت بری و مزرعه داریتو شروع کنی', 0, 'به سرزمین یامی خوس اومدی!'),
(59, 28, 1, '2010-05-02 16:53:48', '192.168.1.199', 1, 'jhgjhgjhg', 1, 'پیغام از طرف جعفر'),
(60, 1, 30, '2010-05-03 12:56:59', '192.168.1.199', 1, 'حالا میتونی از پروفایلت بری و مزرعه داریتو شروع کنی', 0, 'به سرزمین یامی خوس اومدی!'),
(61, 1, 2, '2010-05-05 11:37:32', '192.168.1.3', 1, 'jhg', 0, 'پیغام از طرف Mark'),
(62, 1, 2, '2010-05-05 11:39:54', '192.168.1.3', 1, 'kjhkjhkh', 0, 'پیغام از طرف Mark'),
(63, 1, 31, '2010-06-07 16:06:16', '192.168.1.199', 1, 'حالا میتونی از پروفایلت بری و مزرعه داریتو شروع کنی', 1, 'به سرزمین یامی خوس اومدی!'),
(64, 31, 1, '2010-05-18 10:38:09', '192.168.1.199', 1, 'در صورت تمایل,\r\n	<a href=''http://192.168.1.199/yammy/index.php/gateway/accept_friend/31/''>\r\n	تایید کن!\r\n	</a>\r\n        در غیر اینصورت\r\n        <a href=''http://192.168.1.199/yammy/index.php/gateway/ignore_friend/31''>\r\n        نادیده بگیر\r\n        </a>\r\n        ', 1, 'تقاضای دوستی از طرف غضنفر'),
(65, 1, 32, '2010-06-02 11:41:48', '192.168.1.199', 1, 'حالا میتونی از پروفایلت بری و مزرعه داریتو شروع کنی', 0, 'به سرزمین یامی خوس اومدی!'),
(66, 1, 33, '2010-06-08 15:35:50', '192.168.1.222', 1, 'حالا میتونی از پروفایلت بری و مزرعه داریتو شروع کنی', 1, 'به سرزمین یامی خوس اومدی!'),
(67, 1, 34, '2010-06-09 13:12:18', '192.168.1.199', 1, 'حالا میتونی از پروفایلت بری و مزرعه داریتو شروع کنی', 0, 'به سرزمین یامی خوس اومدی!'),
(68, 1, 35, '2010-06-09 13:14:11', '192.168.1.199', 1, 'حالا میتونی از پروفایلت بری و مزرعه داریتو شروع کنی', 0, 'به سرزمین یامی خوس اومدی!'),
(69, 1, 36, '2010-06-09 13:15:18', '192.168.1.199', 1, 'حالا میتونی از پروفایلت بری و مزرعه داریتو شروع کنی', 0, 'به سرزمین یامی خوس اومدی!'),
(70, 1, 37, '2010-06-09 13:18:48', '192.168.1.199', 1, 'حالا میتونی از پروفایلت بری و مزرعه داریتو شروع کنی', 0, 'به سرزمین یامی خوس اومدی!'),
(71, 1, 38, '2010-06-09 13:20:34', '192.168.1.199', 1, 'حالا میتونی از پروفایلت بری و مزرعه داریتو شروع کنی', 0, 'به سرزمین یامی خوس اومدی!'),
(72, 1, 39, '2010-06-09 13:21:29', '192.168.1.199', 1, 'حالا میتونی از پروفایلت بری و مزرعه داریتو شروع کنی', 0, 'به سرزمین یامی خوس اومدی!'),
(73, 1, 40, '2010-06-09 13:22:13', '192.168.1.199', 1, 'حالا میتونی از پروفایلت بری و مزرعه داریتو شروع کنی', 0, 'به سرزمین یامی خوس اومدی!'),
(74, 1, 41, '2010-06-09 13:24:41', '192.168.1.199', 1, 'حالا میتونی از پروفایلت بری و مزرعه داریتو شروع کنی', 0, 'به سرزمین یامی خوس اومدی!'),
(75, 1, 42, '2010-06-09 13:25:10', '192.168.1.199', 1, 'حالا میتونی از پروفایلت بری و مزرعه داریتو شروع کنی', 0, 'به سرزمین یامی خوس اومدی!'),
(76, 1, 43, '2010-06-09 14:00:51', '192.168.1.199', 1, 'حالا میتونی از پروفایلت بری و مزرعه داریتو شروع کنی', 0, 'به سرزمین یامی خوس اومدی!'),
(77, 1, 44, '2010-06-09 14:02:21', '192.168.1.199', 1, 'حالا میتونی از پروفایلت بری و مزرعه داریتو شروع کنی', 0, 'به سرزمین یامی خوس اومدی!'),
(78, 1, 45, '2010-06-09 14:04:12', '192.168.1.199', 1, 'حالا میتونی از پروفایلت بری و مزرعه داریتو شروع کنی', 0, 'به سرزمین یامی خوس اومدی!'),
(79, 1, 46, '2010-06-09 14:05:10', '192.168.1.199', 1, 'حالا میتونی از پروفایلت بری و مزرعه داریتو شروع کنی', 0, 'به سرزمین یامی خوس اومدی!'),
(80, 1, 47, '2010-06-09 14:05:40', '192.168.1.199', 1, 'حالا میتونی از پروفایلت بری و مزرعه داریتو شروع کنی', 0, 'به سرزمین یامی خوس اومدی!'),
(81, 1, 48, '2010-06-09 14:07:52', '192.168.1.199', 1, 'حالا میتونی از پروفایلت بری و مزرعه داریتو شروع کنی', 0, 'به سرزمین یامی خوس اومدی!'),
(82, 1, 49, '2010-06-09 14:12:37', '192.168.1.199', 1, 'حالا میتونی از پروفایلت بری و مزرعه داریتو شروع کنی', 0, 'به سرزمین یامی خوس اومدی!'),
(83, 1, 50, '2010-06-09 14:13:32', '192.168.1.199', 1, 'حالا میتونی از پروفایلت بری و مزرعه داریتو شروع کنی', 0, 'به سرزمین یامی خوس اومدی!'),
(84, 1, 51, '2010-06-09 14:14:40', '192.168.1.199', 1, 'حالا میتونی از پروفایلت بری و مزرعه داریتو شروع کنی', 0, 'به سرزمین یامی خوس اومدی!'),
(85, 33, 1, '2010-06-09 14:15:05', '192.168.1.222', 1, 'در صورت تمایل,\r\n	<a href=''http://192.168.1.199/yammy/index.php/gateway/accept_friend/33/''>\r\n	تایید کن!\r\n	</a>\r\n        در غیر اینصورت\r\n        <a href=''http://192.168.1.199/yammy/index.php/gateway/ignore_friend/33''>\r\n        نادیده بگیر\r\n        </a>\r\n        ', 0, 'تقاضای دوستی از طرف علی'),
(86, 33, 1, '2010-06-09 14:18:26', '192.168.1.222', 1, 'سلام چطوری؟', 0, 'پیغام از طرف علی'),
(87, 1, 52, '2010-06-09 16:22:20', '192.168.1.199', 1, 'حالا میتونی از پروفایلت بری و مزرعه داریتو شروع کنی', 0, 'به سرزمین یامی خوس اومدی!'),
(88, 1, 53, '2010-06-12 12:12:05', '192.168.1.13', 1, 'حالا میتونی از پروفایلت بری و مزرعه داریتو شروع کنی', 1, 'به سرزمین یامی خوس اومدی!'),
(89, 53, 33, '2010-06-12 12:20:43', '192.168.1.13', 1, 'در صورت تمایل,\r\n	<a href=''http://192.168.1.199/yammy/index.php/gateway/accept_friend/53/''>\r\n	تایید کن!\r\n	</a>\r\n        در غیر اینصورت\r\n        <a href=''http://192.168.1.199/yammy/index.php/gateway/ignore_friend/53''>\r\n        نادیده بگیر\r\n        </a>\r\n        ', 1, 'تقاضای دوستی از طرف آرش'),
(90, 33, 53, '2010-06-12 12:20:59', '192.168.1.222', 1, 'اونووووووووووو!', 0, 'پیغام از طرف علی'),
(91, 53, 1, '2010-06-12 12:21:36', '192.168.1.13', 1, 'در صورت تمایل,\r\n	<a href=''http://192.168.1.199/yammy/index.php/gateway/accept_friend/53/''>\r\n	تایید کن!\r\n	</a>\r\n        در غیر اینصورت\r\n        <a href=''http://192.168.1.199/yammy/index.php/gateway/ignore_friend/53''>\r\n        نادیده بگیر\r\n        </a>\r\n        ', 0, 'تقاضای دوستی از طرف آرش'),
(92, 33, 53, '2010-06-12 15:26:00', '192.168.1.222', 1, 'سگ بخر واسه مزرعه ات من بکنمش!', 0, 'پیغام از طرف علی'),
(93, 31, 14, '2010-06-12 16:26:59', '192.168.1.199', 1, 'در صورت تمایل,\r\n	<a href=''http://192.168.1.199/yammy/index.php/gateway/accept_friend/31/''>\r\n	تایید کن!\r\n	</a>\r\n        در غیر اینصورت\r\n        <a href=''http://192.168.1.199/yammy/index.php/gateway/ignore_friend/31''>\r\n        نادیده بگیر\r\n        </a>\r\n        ', 0, 'تقاضای دوستی از طرف غضنفر'),
(94, 31, 22, '2010-06-12 16:28:59', '192.168.1.199', 1, 'در صورت تمایل,\r\n	<a href=''http://192.168.1.199/yammy/index.php/gateway/accept_friend/31/''>\r\n	تایید کن!\r\n	</a>\r\n        در غیر اینصورت\r\n        <a href=''http://192.168.1.199/yammy/index.php/gateway/ignore_friend/31''>\r\n        نادیده بگیر\r\n        </a>\r\n        ', 0, 'تقاضای دوستی از طرف غضنفر'),
(95, 31, 15, '2010-06-12 16:30:54', '192.168.1.199', 1, 'در صورت تمایل,\r\n	<a href=''http://192.168.1.199/yammy/index.php/gateway/accept_friend/31/''>\r\n	تایید کن!\r\n	</a>\r\n        در غیر اینصورت\r\n        <a href=''http://192.168.1.199/yammy/index.php/gateway/ignore_friend/31''>\r\n        نادیده بگیر\r\n        </a>\r\n        ', 0, 'تقاضای دوستی از طرف غضنفر'),
(96, 31, 25, '2010-06-12 16:35:55', '192.168.1.199', 1, 'در صورت تمایل,\r\n	<a href=''http://192.168.1.199/yammy/index.php/gateway/accept_friend/31/''>\r\n	تایید کن!\r\n	</a>\r\n        در غیر اینصورت\r\n        <a href=''http://192.168.1.199/yammy/index.php/gateway/ignore_friend/31''>\r\n        نادیده بگیر\r\n        </a>\r\n        ', 0, 'تقاضای دوستی از طرف غضنفر'),
(97, 31, 13, '2010-06-12 16:59:59', '192.168.1.199', 1, 'jhgjhg', 0, 'پیغام از طرف غضنفر'),
(98, 31, 13, '2010-06-12 17:01:05', '192.168.1.199', 1, 'hgfhgf', 0, 'پیغام از طرف غضنفر'),
(99, 31, 13, '2010-06-12 17:01:51', '192.168.1.199', 1, 'jhgjhg', 0, 'پیغام از طرف غضنفر'),
(100, 31, 13, '2010-06-12 17:02:05', '192.168.1.199', 1, 'gfdgfd', 0, 'پیغام از طرف غضنفر'),
(101, 33, 2, '2010-06-13 12:22:28', '192.168.1.222', 1, 'در صورت تمایل,\r\n	<a href=''http://192.168.1.199/yammy/index.php/gateway/accept_friend/33/''>\r\n	تایید کن!\r\n	</a>\r\n        در غیر اینصورت\r\n        <a href=''http://192.168.1.199/yammy/index.php/gateway/ignore_friend/33''>\r\n        نادیده بگیر\r\n        </a>\r\n        ', 0, 'تقاضای دوستی از طرف علی');

-- --------------------------------------------------------

--
-- Table structure for table `missions`
--

CREATE TABLE IF NOT EXISTS `missions` (
  `id` int(11) NOT NULL AUTO_INCREMENT,
  `level` smallint(6) NOT NULL,
  `type_id` smallint(6) NOT NULL,
  `amount` int(11) NOT NULL,
  `needed_accessory` text COLLATE utf8_persian_ci,
  `description` text COLLATE utf8_persian_ci NOT NULL,
  `deadline` smallint(6) NOT NULL COMMENT 'with hour unit',
  `type` tinyint(4) NOT NULL DEFAULT '0' COMMENT '0:specificResource;1:free',
  PRIMARY KEY (`id`)
) ENGINE=MyISAM  DEFAULT CHARSET=utf8 COLLATE=utf8_persian_ci AUTO_INCREMENT=11 ;

--
-- Dumping data for table `missions`
--

INSERT INTO `missions` (`id`, `level`, `type_id`, `amount`, `needed_accessory`, `description`, `deadline`, `type`) VALUES
(1, 1, 1, 20, '', 'یامی به 20کیلوگرم گندم نیاز داره سریع دست بکار شو', 1, 0),
(2, 2, 2, 15, '', 'الان یامی برای ساختن پفک به ۱۵کیلوگرم ذرت نیاز داره', 4, 0),
(3, 3, 3, 25, '', 'این مرحله یامی برای ساختن چیپس نیاز به ۲۵ کیلوگرم سیب زمینی داره', 13, 0),
(4, 4, 4, 70, 'a:1:{i:0;i:20;}', 'یامی ازت ۷۰ کیلوگرم لوبیا میخواد باید زود تحویل بدی', 72, 0),
(5, 5, 5, 70, 'a:1:{i:0;i:21;}', 'یامی تو این مرحله ازت ۷۰کیلوگرم گوجه فرنگی میخواد', 72, 0),
(6, 6, 6, 100, NULL, 'یامی الان شدیدا نیاز به خیار داره که میخواد تو ۳روز ۱۰۰کیلوگرم بهش خیار تحویل بدی تو میتونی برای برداشت سریعتر محصولات برای مزرعت مهتابی بخری', 74, 0),
(7, 7, 7, 300, '', 'یامی تو این مرحله به ۳۰۰کیلوگرم پیاز در ۴ روز نیاز داره بهتر اگه مزرعت کوچیکه از موتورآب استفاده کنی', 96, 0),
(8, 8, 8, 400, 'a:1:{i:0;i:43;}', 'یامی تو این مرحله از تو ۴۰۰ کیلوگرم بادمجان میخواد', 96, 0),
(9, 9, 0, 1000, NULL, 'تو این مرحله باید ۱۰۰۰کیلوگرم محصول تحویل یامی بدی نوع گیاهتو خودت انتخاب کن', 168, 1),
(10, 10, 0, 1500, 'a:1:{i:0;i:45;}', 'تو این مرحله باید ۱۵۰۰ کیلوگرم محصول به یامی بدی', 240, 1);

-- --------------------------------------------------------

--
-- Table structure for table `notifications`
--

CREATE TABLE IF NOT EXISTS `notifications` (
  `id` int(11) NOT NULL AUTO_INCREMENT,
  `farm_id` int(11) NOT NULL,
  `type` tinyint(4) NOT NULL COMMENT '0:attack;1:reject;2:rejectByFriend;3:resourceLack;4:other',
  `details` int(11) NOT NULL,
  `body` text COLLATE utf8_persian_ci NOT NULL,
  `create_date` int(11) NOT NULL,
  PRIMARY KEY (`id`)
) ENGINE=MyISAM  DEFAULT CHARSET=utf8 COLLATE=utf8_persian_ci AUTO_INCREMENT=392 ;

--
-- Dumping data for table `notifications`
--

INSERT INTO `notifications` (`id`, `farm_id`, `type`, `details`, `body`, `create_date`) VALUES
(3, 14, 3, 1271153751, 'باید هر چه سریعتر به گیاهات کود بدی', 1271575199),
(4, 14, 3, 1271152600, 'باید هر چه سریعتر به گیاهات آب بدی', 1271575200),
(5, 14, 4, 0, 'دوستی که دعوت کرده بودی به سایت اومد و به همین خاطر مزرعت ۵۰ یامی گرفت', 1271575730),
(6, 14, 3, 1271153751, 'باید هر چه سریعتر به گیاهات کود بدی', 1271575762),
(16, 20, 4, 0, 'مزرعه دوستت <a href="http://192.168.1.199/yammy/index.php/farms/view/1">Farm-1</a> بهت ۵۰۰ یامی کمک کرد', 1272709776),
(8, 14, 3, 1271829702, 'باید هر چه سریعتر به گیاهات آب بدی', 1271829702),
(9, 14, 3, 1271829702, 'باید هر چه سریعتر به گیاهات کود بدی', 1271829702),
(10, 17, 4, 0, 'خوب تو حالا صاحب یک مزرعه شدی شروع کن به کاشتن محصولاتت و دوستاتو هم پیدا کن', 1272361138),
(11, 18, 4, 0, 'خوب تو حالا صاحب یک مزرعه شدی شروع کن به کاشتن محصولاتت و دوستاتو هم پیدا کن', 1272361632),
(12, 19, 4, 0, 'خوب تو حالا صاحب یک مزرعه شدی شروع کن به کاشتن محصولاتت و دوستاتو هم پیدا کن', 1272361710),
(13, 20, 4, 0, 'خوب تو حالا صاحب یک مزرعه شدی شروع کن به کاشتن محصولاتت و دوستاتو هم پیدا کن', 1272361817),
(17, 1, 4, 0, 'مزرعه دوستت <a href="http://192.168.1.199/yammy/index.php/farms/view/28">جعفر</a> بهت ۵۰۰ یامی کمک کرد', 1272709807),
(18, 16, 3, 1271153697, 'باید هر چه سریعتر به گیاهات آب بدی', 1272717144),
(19, 16, 3, 1270633982, 'باید هر چه سریعتر به گیاهات کود بدی', 1272717144),
(20, 16, 2, 0, 'ملخ ها رو از مزرعت فراری دادی', 1272717144),
(21, 16, 4, 0, 'مزرعه دوستت <a href="http://192.168.1.199/yammy/index.php/farms/view/1">Farm-1</a> بهت ۵۰۰ یامی کمک کرد', 1272717148),
(22, 1, 3, 1272781503, 'باید هر چه سریعتر به گیاهات آب بدی', 1272781503),
(23, 1, 3, 1272781503, 'باید هر چه سریعتر به گیاهات کود بدی', 1272781503),
(24, 1, 3, 1272782342, 'باید هر چه سریعتر به گیاهات کود بدی', 1272782342),
(25, 1, 3, 1272782342, 'باید هر چه سریعتر به گیاهات آب بدی', 1272782342),
(26, 1, 3, 1272783507, 'باید هر چه سریعتر به گیاهات آب بدی', 1272783508),
(27, 1, 3, 1272783507, 'باید هر چه سریعتر به گیاهات کود بدی', 1272783508),
(28, 1, 3, 1272783594, 'باید هر چه سریعتر به گیاهات کود بدی', 1272783594),
(29, 1, 3, 1272783594, 'باید هر چه سریعتر به گیاهات آب بدی', 1272783594),
(30, 1, 3, 1272784422, 'باید هر چه سریعتر به گیاهات آب بدی', 1272784423),
(31, 1, 3, 1272784422, 'باید هر چه سریعتر به گیاهات کود بدی', 1272784423),
(32, 1, 3, 1272785647, 'باید هر چه سریعتر به گیاهات کود بدی', 1272785648),
(33, 1, 3, 1272785647, 'باید هر چه سریعتر به گیاهات آب بدی', 1272785648),
(34, 1, 3, 1272786242, 'باید هر چه سریعتر به گیاهات آب بدی', 1272786242),
(35, 1, 3, 1272786242, 'باید هر چه سریعتر به گیاهات کود بدی', 1272786242),
(36, 1, 3, 1272786330, 'باید هر چه سریعتر به گیاهات آب بدی', 1272786331),
(37, 1, 3, 1272786330, 'باید هر چه سریعتر به گیاهات کود بدی', 1272786331),
(38, 1, 3, 1272787550, 'باید هر چه سریعتر به گیاهات آب بدی', 1272787551),
(39, 1, 3, 1272787550, 'باید هر چه سریعتر به گیاهات کود بدی', 1272787551),
(40, 1, 3, 1272787615, 'باید هر چه سریعتر به گیاهات آب بدی', 1272787615),
(41, 1, 3, 1272787615, 'باید هر چه سریعتر به گیاهات کود بدی', 1272787615),
(42, 1, 3, 1272788156, 'باید هر چه سریعتر به گیاهات آب بدی', 1272788156),
(43, 1, 3, 1272788156, 'باید هر چه سریعتر به گیاهات کود بدی', 1272788156),
(44, 1, 3, 1272788237, 'باید هر چه سریعتر به گیاهات آب بدی', 1272788238),
(45, 1, 3, 1272788237, 'باید هر چه سریعتر به گیاهات کود بدی', 1272788238),
(46, 1, 3, 1272788391, 'باید هر چه سریعتر به گیاهات آب بدی', 1272788392),
(47, 1, 3, 1272788391, 'باید هر چه سریعتر به گیاهات کود بدی', 1272788392),
(48, 1, 3, 1272793889, 'باید هر چه سریعتر به گیاهات آب بدی', 1272793900),
(49, 1, 3, 1272793889, 'باید هر چه سریعتر به گیاهات کود بدی', 1272793900),
(50, 1, 3, 1272794448, 'باید هر چه سریعتر به گیاهات آب بدی', 1272794448),
(51, 1, 3, 1272794448, 'باید هر چه سریعتر به گیاهات کود بدی', 1272794448),
(52, 1, 3, 1272794516, 'باید هر چه سریعتر به گیاهات آب بدی', 1272794516),
(53, 1, 3, 1272794516, 'باید هر چه سریعتر به گیاهات کود بدی', 1272794517),
(54, 1, 3, 1272794581, 'باید هر چه سریعتر به گیاهات آب بدی', 1272794581),
(55, 1, 3, 1272794581, 'باید هر چه سریعتر به گیاهات کود بدی', 1272794581),
(56, 1, 4, 0, 'مزرعه دوستت <a href="http://192.168.1.199/yammy/index.php/farms/view/28">جعفر</a> بهت ۵۰۰ یامی کمک کرد', 1272797326),
(57, 21, 4, 0, 'خوب تو حالا صاحب یک مزرعه شدی شروع کن به کاشتن محصولاتت و دوستاتو هم پیدا کن', 1272800851),
(58, 22, 4, 0, 'خوب تو حالا صاحب یک مزرعه شدی شروع کن به کاشتن محصولاتت و دوستاتو هم پیدا کن', 1272802224),
(59, 14, 3, 1272458800, 'باید هر چه سریعتر به گیاهات آب بدی', 1273046237),
(60, 14, 3, 1272458800, 'باید هر چه سریعتر به گیاهات کود بدی', 1273046237),
(232, 28, 3, 1276329349, 'باید هر چه سریعتر به گیاهات کود بدی', 1276329349),
(387, 23, 0, 0, 'مزرعت شته زده اگه سمپاشی نکنی در یک ساعت ۳۰٪ از سلامت گیاهات کم میشه<br/>مزرعه ی حمله کننده <a href="http://192.168.1.199/yammy/index.php/farms/view/7">Farm-5</a>', 1276605049),
(234, 27, 3, 1276330204, 'باید هر چه سریعتر به گیاهات آب بدی', 1276330204),
(231, 28, 3, 1276329349, 'باید هر چه سریعتر به گیاهات آب بدی', 1276329349),
(230, 28, 3, 1276326742, 'باید هر چه سریعتر به گیاهات کود بدی', 1276329186),
(229, 28, 3, 1276328026, 'باید هر چه سریعتر به گیاهات آب بدی', 1276329186),
(386, 23, 2, 0, 'ملخ ها رو از مزرعت فراری دادی', 1276605035),
(227, 28, 3, 1276328026, 'باید هر چه سریعتر به گیاهات آب بدی', 1276329174),
(228, 28, 3, 1276326742, 'باید هر چه سریعتر به گیاهات کود بدی', 1276329174),
(349, 23, 3, 1276515322, 'باید هر چه سریعتر به گیاهات آب بدی', 1276515322),
(385, 23, 0, 0, 'به مزرعت ملخ ها حمله کردند سریع سمپاشی کن وگرنه در یک ساعت ۵۰٪ از سلامت گیاهات کم میشه<br/>مزرعه ی حمله کننده <a href="http://192.168.1.199/yammy/index.php/farms/view/7">Farm-5</a>', 1276605008),
(220, 28, 3, 1276326745, 'باید هر چه سریعتر به گیاهات آب بدی', 1276328026),
(219, 28, 3, 1276325839, 'باید هر چه سریعتر به گیاهات آب بدی', 1276326742),
(218, 28, 3, 1276324936, 'باید هر چه سریعتر به گیاهات کود بدی', 1276326742),
(217, 28, 3, 1276325839, 'باید هر چه سریعتر به گیاهات آب بدی', 1276326742),
(215, 28, 3, 1276323123, 'باید هر چه سریعتر به گیاهات کود بدی', 1276324934),
(216, 28, 3, 1276324934, 'باید هر چه سریعتر به گیاهات آب بدی', 1276325839),
(214, 28, 3, 1276323123, 'باید هر چه سریعتر به گیاهات کود بدی', 1276324934),
(213, 28, 3, 1276324025, 'باید هر چه سریعتر به گیاهات آب بدی', 1276324934),
(212, 28, 3, 1276323119, 'باید هر چه سریعتر به گیاهات آب بدی', 1276324025),
(211, 28, 3, 1276323115, 'باید هر چه سریعتر به گیاهات کود بدی', 1276323116),
(210, 28, 3, 1276323115, 'باید هر چه سریعتر به گیاهات آب بدی', 1276323116),
(209, 28, 3, 1276086532, 'باید هر چه سریعتر به گیاهات کود بدی', 1276323040),
(208, 28, 3, 1276086530, 'باید هر چه سریعتر به گیاهات آب بدی', 1276323040),
(207, 28, 3, 1276086532, 'باید هر چه سریعتر به گیاهات کود بدی', 1276323028),
(353, 23, 3, 1276515764, 'باید هر چه سریعتر به گیاهات آب بدی', 1276515764),
(206, 28, 3, 1276086530, 'باید هر چه سریعتر به گیاهات آب بدی', 1276323028),
(365, 16, 3, 1271153697, 'باید هر چه سریعتر به گیاهات آب بدی', 1276580802),
(355, 23, 3, 1276516099, 'باید هر چه سریعتر به گیاهات آب بدی', 1276516099),
(356, 23, 3, 1276516099, 'باید هر چه سریعتر به گیاهات کود بدی', 1276516099),
(357, 23, 3, 1276516157, 'باید هر چه سریعتر به گیاهات آب بدی', 1276516157),
(358, 23, 3, 1276516157, 'باید هر چه سریعتر به گیاهات کود بدی', 1276516157),
(359, 23, 3, 1276516304, 'باید هر چه سریعتر به گیاهات آب بدی', 1276516304),
(360, 23, 3, 1276516304, 'باید هر چه سریعتر به گیاهات کود بدی', 1276516304),
(361, 23, 3, 1276516383, 'باید هر چه سریعتر به گیاهات آب بدی', 1276516383),
(362, 23, 3, 1276516383, 'باید هر چه سریعتر به گیاهات کود بدی', 1276516383),
(363, 23, 3, 1276516562, 'باید هر چه سریعتر به گیاهات آب بدی', 1276516562),
(364, 23, 3, 1276516562, 'باید هر چه سریعتر به گیاهات کود بدی', 1276516562),
(195, 28, 4, 0, 'خوب تو حالا صاحب یک مزرعه شدی شروع کن به کاشتن محصولاتت و دوستاتو هم پیدا کن', 1276086471),
(196, 28, 3, 1276086525, 'باید هر چه سریعتر به گیاهات آب بدی', 1276086525),
(197, 28, 3, 1276086525, 'باید هر چه سریعتر به گیاهات کود بدی', 1276086525),
(198, 27, 3, 1276088956, 'باید هر چه سریعتر به گیاهات آب بدی', 1276088956),
(199, 27, 3, 1276088956, 'باید هر چه سریعتر به گیاهات کود بدی', 1276088956),
(390, 23, 0, 0, 'مزرعت شته زده اگه سمپاشی نکنی در یک ساعت ۳۰٪ از سلامت گیاهات کم میشه<br/>مزرعه ی حمله کننده <a href="http://192.168.1.199/yammy/index.php/farms/view/7">Farm-5</a>', 1276605526),
(388, 23, 0, 0, 'مزرعت شته زده اگه سمپاشی نکنی در یک ساعت ۳۰٪ از سلامت گیاهات کم میشه<br/>مزرعه ی حمله کننده <a href="http://192.168.1.199/yammy/index.php/farms/view/7">Farm-5</a>', 1276605087),
(391, 23, 2, 0, 'شته ها رو از مزرعت فراری دادی', 1276605635),
(192, 26, 4, 0, 'خوب تو حالا صاحب یک مزرعه شدی شروع کن به کاشتن محصولاتت و دوستاتو هم پیدا کن', 1276076734),
(194, 27, 4, 0, 'خوب تو حالا صاحب یک مزرعه شدی شروع کن به کاشتن محصولاتت و دوستاتو هم پیدا کن', 1276085207),
(166, 24, 4, 0, 'خوب تو حالا صاحب یک مزرعه شدی شروع کن به کاشتن محصولاتت و دوستاتو هم پیدا کن', 1275462747),
(389, 23, 2, 0, 'شته ها رو از مزرعت فراری دادی', 1276605134),
(235, 27, 3, 1276330204, 'باید هر چه سریعتر به گیاهات کود بدی', 1276330204),
(236, 28, 3, 1276329355, 'باید هر چه سریعتر به گیاهات آب بدی', 1276330274),
(237, 28, 1, 0, 'شته ها سر فرصت مزرعتو خراب کردند و ۳۰٪ از سلامت گیاهات کم شد', 1276330274),
(238, 28, 3, 1276329355, 'باید هر چه سریعتر به گیاهات آب بدی', 1276330277),
(366, 16, 3, 1270633982, 'باید هر چه سریعتر به گیاهات کود بدی', 1276580802),
(367, 23, 3, 1276580882, 'باید هر چه سریعتر به گیاهات آب بدی', 1276580882),
(368, 23, 3, 1276580882, 'باید هر چه سریعتر به گیاهات کود بدی', 1276580882),
(384, 23, 0, 0, 'به مزرعت ملخ ها حمله کردند سریع سمپاشی کن وگرنه در یک ساعت ۵۰٪ از سلامت گیاهات کم میشه<br/>مزرعه ی حمله کننده <a href="http://192.168.1.199/yammy/index.php/farms/view/7">Farm-5</a>', 1276604838),
(382, 23, 3, 1276580887, 'باید هر چه سریعتر به گیاهات کود بدی', 1276602611),
(383, 23, 3, 1276580887, 'باید هر چه سریعتر به گیاهات کود بدی', 1276602635),
(245, 28, 3, 1276330277, 'باید هر چه سریعتر به گیاهات آب بدی', 1276333055),
(246, 28, 3, 1276329353, 'باید هر چه سریعتر به گیاهات کود بدی', 1276333055),
(247, 28, 3, 1276333068, 'باید هر چه سریعتر به گیاهات آب بدی', 1276333068),
(248, 28, 3, 1276333068, 'باید هر چه سریعتر به گیاهات کود بدی', 1276333068),
(249, 28, 3, 1276333070, 'باید هر چه سریعتر به گیاهات آب بدی', 1276334624),
(272, 28, 3, 1276341036, 'باید هر چه سریعتر به گیاهات آب بدی', 1276342841),
(255, 28, 3, 1276333072, 'باید هر چه سریعتر به گیاهات کود بدی', 1276335016),
(256, 28, 3, 1276335610, 'باید هر چه سریعتر به گیاهات آب بدی', 1276335610),
(257, 28, 3, 1276335610, 'باید هر چه سریعتر به گیاهات کود بدی', 1276335610),
(289, 28, 3, 1276342841, 'باید هر چه سریعتر به گیاهات آب بدی', 1276344651),
(261, 28, 3, 1276335615, 'باید هر چه سریعتر به گیاهات آب بدی', 1276337426),
(291, 28, 3, 1276341021, 'باید هر چه سریعتر به گیاهات کود بدی', 1276346432),
(379, 23, 3, 1276589560, 'باید هر چه سریعتر به گیاهات آب بدی', 1276596897),
(380, 23, 3, 1276589560, 'باید هر چه سریعتر به گیاهات آب بدی', 1276597197),
(377, 23, 4, 0, 'دوستت <a href="http://192.168.1.199/yammy/index.php/farms/view/7">کاربر</a> از مزرعت مراقبت کرد', 1276589560),
(376, 23, 3, 1276580885, 'باید هر چه سریعتر به گیاهات آب بدی', 1276588405),
(375, 23, 3, 1276580885, 'باید هر چه سریعتر به گیاهات آب بدی', 1276588182),
(269, 28, 3, 1276337426, 'باید هر چه سریعتر به گیاهات آب بدی', 1276339232),
(270, 28, 3, 1276335616, 'باید هر چه سریعتر به گیاهات کود بدی', 1276341021),
(271, 28, 3, 1276339232, 'باید هر چه سریعتر به گیاهات آب بدی', 1276341036);

-- --------------------------------------------------------

--
-- Table structure for table `plantresources`
--

CREATE TABLE IF NOT EXISTS `plantresources` (
  `id` int(11) NOT NULL AUTO_INCREMENT,
  `plant_id` int(11) NOT NULL,
  `typeresource_id` tinyint(4) NOT NULL,
  `current` tinyint(4) NOT NULL,
  `create_date` int(11) NOT NULL,
  `modified_date` int(11) NOT NULL,
  PRIMARY KEY (`id`)
) ENGINE=MyISAM  DEFAULT CHARSET=latin1 AUTO_INCREMENT=249 ;

--
-- Dumping data for table `plantresources`
--

INSERT INTO `plantresources` (`id`, `plant_id`, `typeresource_id`, `current`, `create_date`, `modified_date`) VALUES
(1, 1, 10, 0, 1268477315, 1268477315),
(2, 1, 11, 0, 1268477315, 1268477315),
(3, 2, 8, 1, 1268481974, 1268481980),
(4, 2, 9, 1, 1268481974, 1268481983),
(5, 3, 10, 0, 1268482081, 1268552569),
(6, 3, 11, 0, 1268482081, 1268552569),
(7, 4, 10, 1, 1268552588, 1268552596),
(8, 4, 11, 1, 1268552588, 1268552598),
(9, 5, 10, 0, 1268555872, 1268555872),
(10, 5, 11, 0, 1268555872, 1268555872),
(11, 6, 12, 0, 1268562877, 1268562877),
(12, 6, 13, 0, 1268562877, 1268562877),
(13, 7, 12, 0, 1268566062, 1268566062),
(14, 7, 13, 0, 1268566062, 1268566062),
(15, 8, 14, 0, 1268637808, 1268717825),
(16, 8, 15, 1, 1268637808, 1268637829),
(17, 9, 14, 0, 1269677090, 1269754592),
(18, 9, 15, 1, 1269677090, 1269677101),
(19, 10, 14, 0, 1269756158, 1269756158),
(20, 10, 15, 0, 1269756158, 1269756158),
(30, 15, 5, 0, 1269851173, 1269851173),
(29, 15, 4, 0, 1269851173, 1269856500),
(28, 14, 3, 1, 1269850996, 1269851048),
(27, 14, 1, 1, 1269850996, 1269851016),
(31, 16, 4, 0, 1269856588, 1270555166),
(32, 16, 5, 0, 1269856588, 1270555166),
(33, 17, 4, 0, 1269861814, 1269861814),
(34, 17, 5, 0, 1269861814, 1269861814),
(35, 18, 4, 0, 1269937053, 1269942632),
(36, 18, 5, 0, 1269937053, 1269942632),
(37, 19, 4, 0, 1269946043, 1269946043),
(38, 19, 5, 0, 1269946043, 1269946043),
(42, 21, 5, 1, 1269950269, 1269950295),
(41, 21, 4, 0, 1269950269, 1269950527),
(43, 22, 4, 0, 1269950933, 1270013711),
(44, 22, 5, 0, 1269950933, 1270013711),
(74, 37, 5, 0, 1270374390, 1270374390),
(73, 37, 4, 0, 1270374390, 1270374390),
(70, 35, 3, 0, 1270287287, 1270289244),
(69, 35, 1, 0, 1270287287, 1270289244),
(68, 34, 5, 0, 1270281765, 1270281765),
(67, 34, 4, 0, 1270281765, 1270281765),
(66, 33, 3, 0, 1270281212, 1270281212),
(65, 33, 1, 0, 1270281212, 1270281212),
(72, 36, 3, 0, 1270288666, 1270290521),
(71, 36, 1, 0, 1270287666, 1270287960),
(75, 38, 4, 1, 1270533848, 1270545373),
(76, 38, 5, 1, 1270533848, 1270545296),
(77, 39, 6, 1, 1270545961, 1270627552),
(78, 39, 7, 0, 1270545961, 1270623909),
(79, 40, 1, 0, 1270546987, 1270546987),
(80, 40, 3, 0, 1270546987, 1270546987),
(81, 41, 6, 1, 1270548134, 1270623608),
(82, 41, 7, 1, 1270548134, 1270623894),
(83, 42, 6, 1, 1270623985, 1270633846),
(84, 42, 7, 1, 1270623985, 1270624142),
(85, 43, 6, 0, 1270628060, 1270628060),
(86, 43, 7, 0, 1270628060, 1270628060),
(87, 44, 8, 0, 1270633360, 1270633360),
(88, 44, 9, 0, 1270633360, 1270633360),
(89, 45, 8, 0, 1270633958, 1271153697),
(90, 45, 9, 0, 1270633958, 1270633982),
(96, 48, 9, 0, 1271144758, 1271153751),
(95, 48, 8, 0, 1271144758, 1271152600),
(97, 49, 8, 0, 1271829702, 1271829702),
(98, 49, 9, 0, 1271829702, 1271829702),
(99, 50, 8, 0, 1272458800, 1272458800),
(100, 50, 9, 0, 1272458800, 1272458800),
(104, 52, 17, 0, 1272782342, 1272782342),
(103, 52, 16, 0, 1272782342, 1272782342),
(108, 54, 17, 0, 1272783594, 1272783594),
(107, 54, 16, 0, 1272783594, 1272783594),
(112, 56, 15, 0, 1272785647, 1272785647),
(111, 56, 14, 0, 1272785647, 1272785647),
(113, 57, 16, 0, 1272786242, 1272786242),
(114, 57, 17, 0, 1272786242, 1272786242),
(115, 58, 4, 0, 1272786330, 1272786330),
(116, 58, 5, 0, 1272786330, 1272786330),
(117, 59, 16, 0, 1272787550, 1272787550),
(118, 59, 17, 0, 1272787550, 1272787550),
(119, 60, 16, 0, 1272787615, 1272787615),
(120, 60, 17, 0, 1272787615, 1272787615),
(121, 61, 1, 0, 1272788156, 1272788156),
(122, 61, 3, 0, 1272788156, 1272788156),
(123, 62, 1, 0, 1272788237, 1272788237),
(124, 62, 3, 0, 1272788237, 1272788237),
(125, 63, 1, 0, 1272788391, 1272788391),
(126, 63, 3, 0, 1272788391, 1272788391),
(127, 64, 16, 0, 1272793889, 1272793889),
(128, 64, 17, 0, 1272793889, 1272793889),
(129, 65, 16, 0, 1272794448, 1272794448),
(130, 65, 17, 0, 1272794448, 1272794448),
(131, 66, 16, 0, 1272794516, 1272794516),
(132, 66, 17, 0, 1272794516, 1272794516),
(133, 67, 16, 0, 1272794581, 1272794581),
(134, 67, 17, 0, 1272794581, 1272794581),
(168, 84, 3, 1, 1274168057, 1274168332),
(167, 84, 1, 0, 1274168057, 1274168337),
(166, 83, 3, 1, 1274167044, 1274167050),
(165, 83, 1, 0, 1274167044, 1274167055),
(169, 85, 1, 1, 1274169941, 1274169964),
(170, 85, 3, 1, 1274169941, 1274169959),
(171, 86, 1, 0, 1274170872, 1274170872),
(172, 86, 3, 0, 1274170872, 1274170872),
(173, 87, 1, 0, 1274174270, 1274174310),
(174, 87, 3, 0, 1274174970, 1274174970),
(175, 88, 16, 0, 1274176095, 1274176100),
(176, 88, 17, 0, 1274176095, 1274510085),
(177, 89, 1, 0, 1274851803, 1274851808),
(178, 89, 3, 1, 1274851803, 1274851810),
(179, 90, 1, 0, 1275813650, 1275813669),
(180, 90, 3, 0, 1275813650, 1275813675),
(189, 95, 4, 1, 1276069051, 1276334823),
(190, 95, 5, 1, 1276069051, 1276334695),
(192, 96, 3, 0, 1276072175, 1276072752),
(191, 96, 1, 0, 1276072175, 1276072749),
(193, 97, 1, 0, 1276076437, 1276077404),
(194, 97, 3, 0, 1276076437, 1276076502),
(195, 98, 1, 1, 1276086525, 1276323040),
(196, 98, 3, 1, 1276086525, 1276323053),
(197, 99, 1, 0, 1276088956, 1276088956),
(198, 99, 3, 0, 1276088956, 1276088956),
(199, 100, 1, 0, 1276322986, 1276323554),
(200, 100, 3, 0, 1276322986, 1276323555),
(201, 101, 1, 1, 1276323115, 1276329186),
(202, 101, 3, 0, 1276323115, 1276326742),
(203, 102, 1, 1, 1276329086, 1276330899),
(204, 102, 3, 1, 1276329086, 1276330898),
(205, 103, 1, 0, 1276329349, 1276330277),
(206, 103, 3, 0, 1276329349, 1276329353),
(207, 104, 14, 0, 1276330204, 1276330204),
(208, 104, 15, 0, 1276330204, 1276330204),
(209, 105, 4, 1, 1276330982, 1276338499),
(210, 105, 5, 1, 1276330982, 1276334672),
(211, 106, 1, 1, 1276333068, 1276334624),
(212, 106, 3, 0, 1276333068, 1276333072),
(213, 107, 4, 1, 1276335610, 1276344651),
(214, 107, 5, 0, 1276335610, 1276341021),
(215, 108, 1, 0, 1276336471, 1276337160),
(216, 108, 3, 0, 1276336471, 1276337161),
(217, 109, 6, 0, 1276338890, 1276346171),
(218, 109, 7, 0, 1276338890, 1276338914),
(219, 110, 1, 0, 1276346551, 1276347804),
(220, 110, 3, 0, 1276346551, 1276346638),
(221, 111, 8, 0, 1276407412, 1276407412),
(222, 111, 9, 0, 1276407412, 1276407412),
(223, 112, 6, 1, 1276415436, 1276495767),
(224, 112, 7, 0, 1276415436, 1276415445),
(225, 113, 4, 0, 1276427040, 1276432180),
(226, 113, 5, 0, 1276427040, 1276432200),
(227, 114, 6, 0, 1276495779, 1276495784),
(228, 114, 7, 0, 1276495779, 1276495785),
(229, 115, 6, 0, 1276515322, 1276515322),
(230, 115, 7, 0, 1276515322, 1276515322),
(231, 116, 14, 0, 1276515534, 1276515534),
(232, 116, 15, 0, 1276515534, 1276515534),
(233, 117, 16, 0, 1276515764, 1276515764),
(234, 117, 17, 0, 1276515764, 1276515764),
(235, 118, 16, 0, 1276516099, 1276516099),
(236, 118, 17, 0, 1276516099, 1276516099),
(237, 119, 16, 0, 1276516157, 1276516157),
(238, 119, 17, 0, 1276516157, 1276516157),
(239, 120, 16, 0, 1276516304, 1276516304),
(240, 120, 17, 0, 1276516304, 1276516304),
(241, 121, 1, 0, 1276516383, 1276516383),
(242, 121, 3, 0, 1276516383, 1276516383),
(243, 122, 14, 0, 1276516562, 1276516562),
(244, 122, 15, 0, 1276516562, 1276516562),
(245, 123, 6, 0, 1276580882, 1276589560),
(246, 123, 7, 0, 1276580882, 1276580887),
(247, 124, 6, 1, 1276586619, 1276601032),
(248, 124, 7, 1, 1276586619, 1276586624);

-- --------------------------------------------------------

--
-- Table structure for table `plants`
--

CREATE TABLE IF NOT EXISTS `plants` (
  `id` int(11) NOT NULL AUTO_INCREMENT,
  `farm_id` int(11) NOT NULL,
  `type_id` tinyint(4) NOT NULL,
  `health` int(11) NOT NULL COMMENT '0:die,100:max',
  `weight` int(11) NOT NULL,
  `growth` int(11) NOT NULL COMMENT 'in percent',
  `reap` tinyint(4) NOT NULL DEFAULT '0',
  `create_date` int(11) NOT NULL,
  `modified_date` int(11) NOT NULL,
  PRIMARY KEY (`id`)
) ENGINE=MyISAM  DEFAULT CHARSET=latin1 AUTO_INCREMENT=125 ;

--
-- Dumping data for table `plants`
--

INSERT INTO `plants` (`id`, `farm_id`, `type_id`, `health`, `weight`, `growth`, `reap`, `create_date`, `modified_date`) VALUES
(1, 1, 5, 0, 100, -28, 1, 1268477315, 1268562636),
(2, 2, 4, 100, 80, -248079, 1, 1267981974, 1268482053),
(3, 2, 5, 0, 11, 181503, 1, 1268482081, 1268552578),
(4, 2, 5, 100, 54, -251124, 1, 1268052588, 1268555712),
(5, 2, 5, 100, 100, -248022, 1, 1268055872, 1268555894),
(6, 2, 6, 93, 120, -241488, 1, 1268062877, 1268563565),
(7, 1, 6, 0, 0, 189321, 1, 1268566062, 1268635941),
(8, 1, 7, 0, 89, 173516, 1, 1268637808, 1268717825),
(9, 2, 7, 0, 210, 259345, 1, 1269677090, 1269754592),
(10, 2, 7, 0, 210, 315504, 1, 1269756158, 1269779054),
(11, 12, 1, 0, 20, 648, 1, 1269845680, 1269846832),
(14, 12, 1, 98, 20, -8360, 1, 1269840996, 1269851157),
(15, 12, 2, 0, 25, 5425, 1, 1269851173, 1269856549),
(16, 12, 2, 20, 25, -687778, 0, 1269856588, 1270555166),
(17, 1, 2, 0, 75, 3266, 1, 1269861814, 1269866648),
(18, 1, 2, 0, 75, 2451, 1, 1269937053, 1269942702),
(19, 1, 2, 0, 75, 4186, 1, 1269946043, 1269949957),
(21, 1, 2, 0, 75, 7827, 1, 1269950269, 1269950542),
(22, 1, 2, 0, 75, -58466, 1, 1269950933, 1270017499),
(34, 14, 2, 20, 25, -81784, 1, 1270281765, 1270374349),
(33, 14, 1, 100, 20, -8233, 1, 1270271212, 1270281245),
(32, 14, 1, 99, 20, -8224, 1, 1270261152, 1270281176),
(36, 16, 1, 20, 20, -255508, 1, 1270289666, 1270546974),
(37, 14, 2, 20, 25, -148641, 1, 1270374390, 1270533831),
(38, 14, 2, 85, 25, -734, 1, 1270533847, 1270545381),
(39, 14, 3, 20, 30, -38883, 1, 1270545961, 1270628044),
(40, 16, 1, 97, 20, -8267, 1, 1270536987, 1270547054),
(41, 16, 3, 20, 30, -32638, 1, 1270548134, 1270623972),
(42, 16, 3, 96, 30, -66740, 1, 1270523985, 1270633925),
(43, 14, 3, 100, 30, -56838, 1, 1270528060, 1270628098),
(44, 14, 4, 20, 80, -40, 1, 1270633360, 1270885400),
(45, 16, 4, 20, 80, -5717234, 0, 1270633958, 1276603192),
(48, 14, 4, 20, 80, -431819, 1, 1271144758, 1271828577),
(49, 14, 4, 20, 80, -755482, 1, 1270829702, 1271837184),
(50, 14, 4, 20, 80, -2670205, 1, 1272458800, 1275381005),
(52, 1, 8, 100, 420, -703031, 1, 1271782342, 1272782373),
(54, 1, 8, 90, 420, -42606, 1, 1272563594, 1272784400),
(56, 1, 7, 93, 420, -48295, 1, 1272585647, 1272786222),
(57, 1, 8, 100, 560, -21848, 1, 1272586242, 1272786290),
(58, 1, 2, 100, 100, -15169, 1, 1272766330, 1272786359),
(59, 1, 8, 100, 560, -921853, 1, 1271687550, 1272787603),
(60, 1, 8, 95, 560, -822210, 1, 1271787615, 1272788025),
(61, 1, 1, 99, 80, -19227, 1, 1272768156, 1272788193),
(62, 1, 1, 99, 80, -19219, 1, 1272768237, 1272788266),
(63, 1, 1, 99, 80, -19218, 1, 1272768391, 1272788419),
(64, 1, 8, 100, 560, -21849, 1, 1272593889, 1272793938),
(65, 1, 8, 100, 560, -21831, 1, 1272594448, 1272794479),
(66, 1, 8, 100, 560, -21831, 1, 1272594516, 1272794547),
(67, 1, 8, 100, 560, -21824, 1, 1272594581, 1272794605),
(103, 28, 1, 20, 20, -1906, 1, 1276329349, 1276333055),
(102, 25, 1, 100, 20, -69, 1, 1276329086, 1276330955),
(101, 28, 1, 20, 20, -4361, 1, 1276323115, 1276329276),
(100, 25, 1, 20, 20, -4285, 1, 1276322986, 1276329071),
(99, 27, 1, 20, 20, -273, 1, 1276086956, 1276089029),
(98, 28, 1, 20, 20, -234733, 1, 1276086525, 1276323058),
(97, 25, 1, 20, 20, -244505, 1, 1276076437, 1276322742),
(96, 25, 1, 20, 20, -2238, 1, 1276072175, 1276076213),
(95, 23, 2, 20, 25, -256166, 1, 1276069051, 1276336017),
(104, 27, 7, 85, 315, 337155, 0, 1276330204, 1276331449),
(109, 25, 3, 20, 30, -33321, 1, 1276338890, 1276415411),
(106, 28, 1, 100, 20, -148, 1, 1276333068, 1276335016),
(107, 28, 2, 100, 25, -22, 1, 1276335610, 1276346432),
(108, 23, 1, 20, 20, -8096, 1, 1276336471, 1276346367),
(110, 23, 1, 20, 20, -58942, 1, 1276346551, 1276407293),
(111, 23, 4, 20, 80, -763952, 1, 1275397412, 1276413364),
(112, 25, 3, 20, 30, -37133, 1, 1276415436, 1276495769),
(113, 23, 2, 20, 25, -79700, 1, 1276427040, 1276514840),
(114, 25, 3, 20, 30, -47475, 1, 1276495779, 1276586454),
(115, 23, 3, 100, 30, -967646, 1, 1275515322, 1276515368),
(116, 23, 7, 100, 105, -746255, 1, 1275515534, 1276515589),
(117, 23, 8, 100, 140, -703018, 1, 1275515764, 1276515782),
(118, 23, 8, 100, 560, -703028, 1, 1275516099, 1276516127),
(119, 23, 8, 100, 560, -703021, 1, 1275516157, 1276516178),
(120, 23, 8, 100, 560, -703016, 1, 1275516304, 1276516320),
(121, 23, 1, 99, 80, -998691, 1, 1275516383, 1276516424),
(122, 23, 7, 100, 420, -746224, 1, 1275516562, 1276516586),
(123, 23, 3, 20, 120, 6642, 0, 1276580882, 1276606640),
(124, 25, 3, 100, 30, 43195, 0, 1276586619, 1276586624);

-- --------------------------------------------------------

--
-- Table structure for table `relations`
--

CREATE TABLE IF NOT EXISTS `relations` (
  `id` int(10) unsigned NOT NULL AUTO_INCREMENT,
  `inviter` int(10) unsigned NOT NULL,
  `guest` int(10) unsigned NOT NULL,
  `invitation_date` datetime NOT NULL,
  `status` tinyint(1) unsigned zerofill NOT NULL COMMENT '1:ok, 2:denied, 3:ignored',
  `answer_date` datetime NOT NULL,
  PRIMARY KEY (`id`)
) ENGINE=InnoDB  DEFAULT CHARSET=latin1 AUTO_INCREMENT=23 ;

--
-- Dumping data for table `relations`
--

INSERT INTO `relations` (`id`, `inviter`, `guest`, `invitation_date`, `status`, `answer_date`) VALUES
(1, 1, 2, '2010-03-15 12:12:51', 1, '0000-00-00 00:00:00'),
(2, 7, 6, '2010-04-06 15:39:52', 1, '0000-00-00 00:00:00'),
(3, 6, 8, '2010-04-14 14:48:45', 1, '2010-04-14 14:48:45'),
(4, 6, 1, '2010-04-17 10:45:39', 1, '2010-04-17 10:45:46'),
(5, 6, 2, '2010-04-17 10:46:06', 1, '2010-04-17 10:46:06'),
(8, 6, 3, '2010-04-17 10:55:37', 1, '2010-04-17 10:55:37'),
(9, 6, 9, '2010-04-17 10:55:37', 1, '2010-04-17 10:55:37'),
(10, 6, 9, '0000-00-00 00:00:00', 1, '0000-00-00 00:00:00'),
(11, 6, 9, '0000-00-00 00:00:00', 1, '0000-00-00 00:00:00'),
(12, 6, 9, '0000-00-00 00:00:00', 1, '0000-00-00 00:00:00'),
(13, 1, 28, '2010-05-01 14:34:38', 1, '0000-00-00 00:00:00'),
(14, 31, 1, '2010-05-18 10:35:31', 1, '0000-00-00 00:00:00'),
(15, 33, 1, '2010-06-09 14:15:05', 0, '0000-00-00 00:00:00'),
(16, 53, 33, '2010-06-12 12:19:19', 1, '0000-00-00 00:00:00'),
(17, 53, 1, '2010-06-12 12:21:36', 0, '0000-00-00 00:00:00'),
(18, 31, 14, '2010-06-12 16:26:58', 0, '0000-00-00 00:00:00'),
(19, 31, 22, '2010-06-12 16:28:59', 0, '0000-00-00 00:00:00'),
(20, 31, 15, '2010-06-12 16:30:54', 0, '0000-00-00 00:00:00'),
(21, 31, 25, '2010-06-12 16:35:55', 0, '0000-00-00 00:00:00'),
(22, 33, 2, '2010-06-13 12:22:27', 0, '0000-00-00 00:00:00');

-- --------------------------------------------------------

--
-- Table structure for table `resources`
--

CREATE TABLE IF NOT EXISTS `resources` (
  `id` int(11) NOT NULL AUTO_INCREMENT,
  `name` varchar(255) NOT NULL,
  `price` int(11) NOT NULL,
  PRIMARY KEY (`id`)
) ENGINE=MyISAM  DEFAULT CHARSET=latin1 AUTO_INCREMENT=4 ;

--
-- Dumping data for table `resources`
--

INSERT INTO `resources` (`id`, `name`, `price`) VALUES
(1, 'Water', 15),
(2, 'Muck', 5);

-- --------------------------------------------------------

--
-- Table structure for table `typeresources`
--

CREATE TABLE IF NOT EXISTS `typeresources` (
  `id` int(11) NOT NULL AUTO_INCREMENT,
  `type_id` tinyint(4) NOT NULL,
  `resource_id` tinyint(4) NOT NULL,
  `consumeTime` float NOT NULL DEFAULT '0' COMMENT 'with hour unit',
  `minNeed` tinyint(4) NOT NULL DEFAULT '1',
  `maxNeed` tinyint(4) NOT NULL DEFAULT '5',
  PRIMARY KEY (`id`)
) ENGINE=MyISAM  DEFAULT CHARSET=latin1 AUTO_INCREMENT=18 ;

--
-- Dumping data for table `typeresources`
--

INSERT INTO `typeresources` (`id`, `type_id`, `resource_id`, `consumeTime`, `minNeed`, `maxNeed`) VALUES
(1, 1, 1, 0.25, 1, 5),
(3, 1, 2, 0.5, 1, 5),
(4, 2, 1, 0.5, 1, 5),
(5, 2, 2, 1.5, 1, 5),
(6, 3, 1, 2, 1, 5),
(7, 3, 2, 6, 1, 5),
(8, 4, 1, 6, 1, 5),
(9, 4, 2, 8, 1, 5),
(10, 5, 1, 5, 1, 5),
(11, 5, 2, 10, 1, 5),
(12, 6, 1, 10, 1, 5),
(13, 6, 2, 12, 1, 5),
(14, 7, 1, 5, 1, 5),
(15, 7, 2, 24, 1, 5),
(16, 8, 1, 6, 1, 5),
(17, 8, 2, 14, 1, 5);

-- --------------------------------------------------------

--
-- Table structure for table `types`
--

CREATE TABLE IF NOT EXISTS `types` (
  `id` int(11) NOT NULL AUTO_INCREMENT,
  `name` varchar(255) COLLATE utf8_persian_ci NOT NULL,
  `price` int(11) NOT NULL COMMENT 'based on each weight',
  `sell_cost` int(11) NOT NULL COMMENT 'based on each weight',
  `weight` int(11) NOT NULL COMMENT 'weight of type in each section area',
  `growth_time` float NOT NULL COMMENT 'with hour unit',
  PRIMARY KEY (`id`)
) ENGINE=MyISAM  DEFAULT CHARSET=utf8 COLLATE=utf8_persian_ci AUTO_INCREMENT=10 ;

--
-- Dumping data for table `types`
--

INSERT INTO `types` (`id`, `name`, `price`, `sell_cost`, `weight`, `growth_time`) VALUES
(1, 'wheat', 10, 50, 20, 0.5),
(2, 'corn', 15, 80, 25, 3),
(3, 'potato', 5, 50, 30, 12),
(4, 'beans', 10, 90, 80, 70),
(5, 'tomato', 15, 120, 50, 70),
(6, 'cucumber', 20, 100, 60, 96),
(7, 'onion', 10, 70, 105, 94),
(8, 'eggplant', 15, 150, 140, 110);

-- --------------------------------------------------------

--
-- Table structure for table `userranks`
--

CREATE TABLE IF NOT EXISTS `userranks` (
  `id` int(11) NOT NULL AUTO_INCREMENT,
  `user_id` int(11) NOT NULL,
  `type` tinyint(4) NOT NULL COMMENT '0:level;1:complete:2:grasshopper;3:bigProduct',
  `rank` int(11) NOT NULL DEFAULT '0',
  `create_date` date NOT NULL,
  PRIMARY KEY (`id`)
) ENGINE=MyISAM  DEFAULT CHARSET=latin1 AUTO_INCREMENT=16 ;

--
-- Dumping data for table `userranks`
--

INSERT INTO `userranks` (`id`, `user_id`, `type`, `rank`, `create_date`) VALUES
(1, 6, 0, 4, '2010-04-10'),
(3, 6, 3, 16, '2010-04-21'),
(4, 1, 3, 2446, '2010-05-02'),
(5, 1, 1, 2, '2010-05-02'),
(6, 31, 3, 2599, '2010-05-18'),
(7, 6, 1, 3, '0000-00-00'),
(8, 2, 0, 4, '0000-00-00'),
(9, 3, 1, 1, '0000-00-00'),
(10, 7, 1, 2, '0000-00-00'),
(11, 33, 3, 46, '2010-06-09'),
(12, 52, 3, 0, '2010-06-09'),
(13, 52, 0, 1, '2010-06-12'),
(14, 53, 3, 53, '2010-06-12'),
(15, 31, 1, 1, '2010-06-14');

-- --------------------------------------------------------

--
-- Table structure for table `users`
--

CREATE TABLE IF NOT EXISTS `users` (
  `id` int(10) unsigned NOT NULL AUTO_INCREMENT,
  `first_name` varchar(250) CHARACTER SET utf8 NOT NULL,
  `last_name` varchar(250) CHARACTER SET utf8 NOT NULL,
  `email` varchar(250) CHARACTER SET utf8 NOT NULL,
  `password` varchar(250) CHARACTER SET utf8 NOT NULL,
  `photo` varchar(100) CHARACTER SET utf8 NOT NULL,
  `sex` tinyint(1) unsigned zerofill NOT NULL COMMENT '0:male',
  `birthdate` date NOT NULL,
  `city` varchar(255) CHARACTER SET utf8 NOT NULL,
  `registration_ip` varchar(45) CHARACTER SET utf8 NOT NULL,
  `registration_date` datetime NOT NULL,
  `logins` int(10) unsigned NOT NULL,
  `last_login_ip` varchar(45) CHARACTER SET utf8 NOT NULL,
  `last_login_date` datetime NOT NULL,
  PRIMARY KEY (`id`)
) ENGINE=MyISAM  DEFAULT CHARSET=utf8 COLLATE=utf8_persian_ci AUTO_INCREMENT=54 ;

--
-- Dumping data for table `users`
--

INSERT INTO `users` (`id`, `first_name`, `last_name`, `email`, `password`, `photo`, `sex`, `birthdate`, `city`, `registration_ip`, `registration_date`, `logins`, `last_login_ip`, `last_login_date`) VALUES
(1, 'Mark', 'Mark', 'example@example.com', 'c4ca4238a0b923820dcc509a6f75849b', '', 0, '1986-03-03', 'تهران', '127.0.0.5', '2010-03-06 12:06:09', 11, '192.168.1.73', '2010-06-13 15:28:14'),
(2, 'Mark2', 'Mark2', 'example2@example2.com', 'c81e728d9d4c2f636f067f89cc14862c', '', 1, '0634-02-18', 'تهران', '127.0.0.5', '2010-03-07 14:09:36', 0, '', '0000-00-00 00:00:00'),
(3, 'کاربر۳', 'کاربر‍‍پور', 'example3@example3.com', 'eccbc87e4b5ce2fe28308fd9f2a7baf3', '', 1, '0634-02-18', 'آذربایجان غربی', '127.0.0.5', '2010-03-29 10:18:31', 0, '', '0000-00-00 00:00:00'),
(7, 'کاربر', 'تستی5', 'example5@example5.com', '5b1b68a9abf4d2cd155c81a9225fd158', '', 0, '0634-02-18', 'خارج از ایران', '127.0.0.5', '2010-04-03 14:02:18', 1, '192.168.1.199', '2010-06-15 10:16:36'),
(6, 'کاربر', 'تستی', 'example4@example4.com', '73882ab1fa529d7273da0db6b49cc4f3', '', 0, '1985-09-11', 'تهران', '127.0.0.5', '2010-04-03 10:28:54', 18, '192.168.1.199', '2010-06-14 15:25:19'),
(8, 'سیبسیب', 'سیبسیب', 'dfgdf@jhg.com', '96e79218965eb72c92a549dd5a330112', '', 0, '1991-08-22', 'تهران', '192.168.1.221', '2010-04-05 17:14:36', 0, '', '0000-00-00 00:00:00'),
(9, 'محمدرضا', 'کاشانی', 'example7@example7.com', 'f63f4fbc9f8c85d409f2f59f2b9e12d5', '', 1, '1985-09-11', 'تهران', '192.168.1.199', '2010-04-12 15:15:28', 0, '', '0000-00-00 00:00:00'),
(10, 'آرش', 'خسرونژاد', 'katatonyyk@yahoo.com', 'e10adc3949ba59abbe56e057f20f883e', '', 0, '0634-02-18', 'تهران', '192.168.1.73', '2010-04-21 11:42:48', 0, '', '0000-00-00 00:00:00'),
(11, 'mark3', '', '', '', '', 0, '0000-00-00', '', '', '0000-00-00 00:00:00', 0, '', '0000-00-00 00:00:00'),
(12, 'mark4', '', '', '', '', 0, '0000-00-00', '', '', '0000-00-00 00:00:00', 0, '', '0000-00-00 00:00:00'),
(13, 'mark5', '', '', '', '', 0, '0000-00-00', '', '', '0000-00-00 00:00:00', 0, '', '0000-00-00 00:00:00'),
(14, 'mark6', '', '', '', '', 0, '0000-00-00', '', '', '0000-00-00 00:00:00', 0, '', '0000-00-00 00:00:00'),
(15, 'mark7', '', '', '', '', 0, '0000-00-00', '', '', '0000-00-00 00:00:00', 0, '', '0000-00-00 00:00:00'),
(16, 'mark8', '', '', '', '', 0, '0000-00-00', '', '', '0000-00-00 00:00:00', 0, '', '0000-00-00 00:00:00'),
(17, 'mark9', '', '', '', '', 0, '0000-00-00', '', '', '0000-00-00 00:00:00', 0, '', '0000-00-00 00:00:00'),
(18, 'mark10', '', '', '', '', 0, '0000-00-00', '', '', '0000-00-00 00:00:00', 0, '', '0000-00-00 00:00:00'),
(19, 'mark11', '', '', '', '', 0, '0000-00-00', '', '', '0000-00-00 00:00:00', 0, '', '0000-00-00 00:00:00'),
(20, 'mark12', '', '', '', '', 0, '0000-00-00', '', '', '0000-00-00 00:00:00', 0, '', '0000-00-00 00:00:00'),
(21, 'mark13', '', '', '', '', 0, '0000-00-00', '', '', '0000-00-00 00:00:00', 0, '', '0000-00-00 00:00:00'),
(22, 'mark14', '', '', '', '', 0, '0000-00-00', '', '', '0000-00-00 00:00:00', 0, '', '0000-00-00 00:00:00'),
(28, 'جعفر', 'اوشکول', 'jafar@jafar.com', 'c1626360ec26d5060658143123b8a5d8', '', 0, '2003-01-02', 'تهران', '192.168.1.199', '2010-04-27 11:31:20', 0, '', '0000-00-00 00:00:00'),
(24, 'mark15', '', '', '', '', 0, '0000-00-00', '', '', '0000-00-00 00:00:00', 0, '', '0000-00-00 00:00:00'),
(25, 'mark16', '', '', '', '', 0, '0000-00-00', '', '', '0000-00-00 00:00:00', 0, '', '0000-00-00 00:00:00'),
(26, 'mark19', '', '', '', '', 0, '0000-00-00', '', '', '0000-00-00 00:00:00', 0, '', '0000-00-00 00:00:00'),
(27, 'mark20', '', '', '', '', 0, '0000-00-00', '', '', '0000-00-00 00:00:00', 0, '', '0000-00-00 00:00:00'),
(29, 'حسن', 'حسن پور', 'hasan@hasan.com', 'c86d271bb7321f934570825e55e77e2c', '', 0, '2002-01-31', 'ایلام', '192.168.1.199', '2010-05-02 15:18:06', 0, '', '0000-00-00 00:00:00'),
(30, 'الب', 'الب', 'mmm@mmm.mmm', '9aee390f19345028f03bb16c588550e1', '', 0, '0634-02-18', 'خارج از ایران', '192.168.1.199', '2010-05-03 12:56:59', 0, '', '0000-00-00 00:00:00'),
(31, 'غضنفر', 'کشمیش پرور', 'example10@example10.com', '6d071901727aec1ba6d8e2497ef5b709', '', 0, '2002-03-03', 'آذربایجان غربی', '192.168.1.199', '2010-05-08 14:16:18', 44, '192.168.1.73', '2010-06-15 16:55:42'),
(32, 'سیتلتال', 'تالتال', 'mark12@mark12.com', '93279e3308bdbbeed946fc965017f67a', '', 0, '0634-02-18', 'خارج از ایران', '192.168.1.199', '2010-06-02 11:41:48', 1, '192.168.1.199', '2010-06-02 11:42:15'),
(33, 'علی', 'اصغری', 'info@fouad.ir', 'e10adc3949ba59abbe56e057f20f883e', '', 0, '1986-06-19', 'تهران', '192.168.1.222', '2010-06-08 15:29:55', 10, '192.168.1.222', '2010-06-15 11:50:44'),
(51, 'نتانت', 'انتانان', 'asdasd@asdasd.asdasd', 'a8f5f167f44f4964e6c998dee827110c', '', 0, '1943-04-12', 'زنجان', '192.168.1.199', '2010-06-09 14:14:40', 3, '192.168.1.199', '2010-06-09 15:12:22'),
(50, 'تال', 'last_name', 'example321@example321.com', '4297f44b13955235245b2497399d7a93', '', 1, '1943-03-22', 'سیستان و بلوچستان', '192.168.1.199', '2010-06-09 14:13:32', 1, '192.168.1.199', '2010-06-09 14:13:32'),
(52, 'نمتمنتنمت', 'منتمنت', 'sss@sss.sss', 'af15d5fdacd5fdfea300e88a8e253e82', '', 0, '1932-04-11', 'خراسان شمالی', '192.168.1.199', '2010-06-09 16:22:20', 1, '192.168.1.199', '2010-06-09 16:22:20'),
(53, 'آرش', 'خوش تیپ', 'arash.r@parspake.com', 'd813bdfd3bdd9e45ffa59a57f776b5af', '', 0, '0634-02-18', 'خارج از ایران', '192.168.1.13', '2010-06-09 16:57:37', 2, '192.168.1.13', '2010-06-12 10:40:18');
