-- phpMyAdmin SQL Dump
-- version 3.1.1
-- http://www.phpmyadmin.net
--
-- Host: localhost
-- Generation Time: Jan 23, 2010 at 10:19 AM
-- Server version: 5.1.30
-- PHP Version: 5.2.8

SET SQL_MODE="NO_AUTO_VALUE_ON_ZERO";


/*!40101 SET @OLD_CHARACTER_SET_CLIENT=@@CHARACTER_SET_CLIENT */;
/*!40101 SET @OLD_CHARACTER_SET_RESULTS=@@CHARACTER_SET_RESULTS */;
/*!40101 SET @OLD_COLLATION_CONNECTION=@@COLLATION_CONNECTION */;
/*!40101 SET NAMES utf8 */;

--
-- Database: `renault`
--

-- --------------------------------------------------------

--
-- Table structure for table `abuse`
--

CREATE TABLE IF NOT EXISTS `abuse` (
  `id` int(10) unsigned NOT NULL AUTO_INCREMENT,
  `driver` int(10) unsigned NOT NULL,
  `sender` int(10) unsigned NOT NULL,
  `date` datetime NOT NULL,
  PRIMARY KEY (`id`)
) ENGINE=InnoDB  DEFAULT CHARSET=latin1 AUTO_INCREMENT=5 ;

--
-- Dumping data for table `abuse`
--

INSERT INTO `abuse` (`id`, `driver`, `sender`, `date`) VALUES
(2, 24, 17, '2009-12-23 12:00:17'),
(3, 17, 1, '2009-12-23 15:11:57'),
(4, 24, 27, '2009-12-30 06:49:19');

-- --------------------------------------------------------

--
-- Table structure for table `alerts`
--

CREATE TABLE IF NOT EXISTS `alerts` (
  `id` int(10) unsigned NOT NULL AUTO_INCREMENT,
  `title` text,
  `message` text NOT NULL,
  `question1` text NOT NULL,
  `question2` text NOT NULL,
  `question3` text NOT NULL,
  `question4` text NOT NULL,
  `answer` tinyint(1) unsigned NOT NULL DEFAULT '1',
  `type` tinyint(2) unsigned NOT NULL DEFAULT '0' COMMENT '0:general, 4:iran, 1:traffic 2:renault 3:machine',
  `status` tinyint(1) unsigned NOT NULL DEFAULT '1' COMMENT '1:active',
  `advantage` tinyint(2) unsigned DEFAULT '0' COMMENT '0:all 1:speed15 2:speed 25',
  `advantage_value` tinyint(3) unsigned DEFAULT '0' COMMENT 'The percentage value of benefit',
  `city` varchar(250) DEFAULT NULL,
  `right_answer_message` text,
  `wrong_answer_message` text,
  PRIMARY KEY (`id`)
) ENGINE=InnoDB  DEFAULT CHARSET=utf8 ROW_FORMAT=DYNAMIC AUTO_INCREMENT=306 ;

--
-- Dumping data for table `alerts`
--

INSERT INTO `alerts` (`id`, `title`, `message`, `question1`, `question2`, `question3`, `question4`, `answer`, `type`, `status`, `advantage`, `advantage_value`, `city`, `right_answer_message`, `wrong_answer_message`) VALUES
(153, '', 'خودرو تندر 90', 'خودروئی کوچک و درون شهری است', 'خودروئی تجاری و درون شهری است', 'خودروئی برای مصارف خاص می باشد', 'خودروئی مناسب با فضای راحت برای 5 سرنشین می باشد', 4, 2, 1, 0, 0, '', NULL, NULL),
(154, '', 'استحکام و ایمنی در تندر 90 ', 'به صورت محدود با حداقل امکانات ایمنی', 'در سطح استاندارد ها و ضوابط روز اروپائی ', 'هر دو مورد فوق', 'هیچکدام ', 2, 2, 1, 0, 0, '', NULL, NULL),
(155, '', 'موتور خودرو تندر 90', '1.4 لیتر135 اسب بخار', '1.6 لیتر 110 اسب بخار', '1.6 لیتر 87 اسب بخار', '1.8 لیتر 110 اسب بخار', 2, 2, 1, 0, 0, '', NULL, NULL),
(156, '', 'موتور خودرو تندر 90 ', 'چهار سیلندر 8سوپاپ می باشد', 'چهار سیلندر16سوپاپ می باشد', 'شش سیلندر 16 سوپاپ می باشد', 'چهار سیلندر بدون سوپاپ می باشد', 2, 2, 1, 0, 0, '', NULL, NULL),
(157, '', 'حجم صندوق عقب تندر 90.........میباشد', '510 لیتر', '700 لیتر', '320 لیتر', '480 لیتر', 1, 2, 1, 0, 0, '', NULL, NULL),
(158, '', 'خودرو تندر 90 در مدل های ...E1 و E2', 'دارای فرمان معمولی می باشد', 'دارای فرمان هیدرولیک می باشد', 'دارای فرمان الکتریکی همانند مگان می باشد', 'فاقد فرمان می باشد', 2, 2, 1, 0, 0, '', NULL, NULL),
(159, '', 'سیستم ایرکاندیشن (کولر) در تندر 90', 'فقط در مدل E2 می باشد  ', 'فقط در مدل E2 و E1 و E0+AC میباشد', 'فقط در مدل E0 میباشد', 'در همه مدل ها موجود است', 2, 2, 1, 0, 0, '', NULL, NULL),
(160, '', 'در خودرو تندر90 سیستم ترمز ABS', 'در همه مدل ها موجود است', 'هیچ مدلی ABS  ندارد', 'فقط مدل E2  دارد ', 'در مدل E1 به صورت سفارشی و در مدل E2 به صورت استاندارد وجود دارد', 4, 2, 1, 0, 0, '', NULL, NULL),
(161, '', 'سیستم ایموبیلایزر چیست', 'سیستم قفل فرمان می باشد', 'سیستم ایمنی تصادفات می باشد', 'سیستمی است که اجازه روشن شدن موتور را منحصراً به دارنده سوئیچ ارائه شده توسط کارخانه می دهد', 'سیستم ترمز ضد قفل می باشد', 3, 2, 1, 0, 0, '', NULL, NULL),
(162, '', 'آیا خودرو تندر 90 دارای سیستم ایموبیلایزر می باشد', 'خیر', 'بله همه مدل ها ی تندر 90 بصورت استاندارد این سیستم را دارند', 'E2فقط در مدل  ', 'هیچ کدام', 2, 2, 1, 0, 0, '', NULL, NULL),
(163, '', 'کیسه هوای راننده در کدام مدل تندر 90 وجود دارد؟', 'E2', 'همه مدل های تندر 90 کیسه هوای راننده دارند', 'E1', 'مدل E1 و E2', 2, 2, 1, 0, 0, '', NULL, NULL),
(164, '', 'کیسه هوای سرنشین در کدام مدل ها موجود می باشد؟', 'به  E2 LP و E1 CPSPدر  صورت استاندارد وجود دارد', 'همه مدل ها دارای کیسه هوای سرنشین می باشند', ' موجود می باشد E1    فقط در مدل ', 'خودرو تندر 90 اصلا کیسه هوای سرنشین ندارد', 1, 2, 1, 0, 0, '', NULL, NULL),
(165, '', 'خودور تندر 90 با شرایط گارانتی زیر عرضه می گردد ', '3 سال 100هزارکیلومتر', '2 سال 40هزار کیلومتر', '2 سال 60هزار کیلومتر', '3 سال 60هزار کیلومتر', 2, 2, 1, 0, 0, '', NULL, NULL),
(166, '', 'آیا خودرو تندر 90 مجهز به  می باشد. EBD سیستم', ' دارABS  بله , در مدل های         ', 'خیر ', 'میباشد EBDدارای ABSدر مدلهای بدون ', 'هیچکدام', 1, 2, 1, 0, 0, '', NULL, NULL),
(167, '', 'چیست؟ EBDسیستم', 'ABS نوع دیگری از سیستم  می باشد ', 'سیستم کنترل فرمان خودرو می باشد', 'جزء سیستم های مکمل ترمزABS  می باشد و در سرعت های بالا نیروی ترمز گیری روی چرخهای عقب را کنترل می کند.', 'سیستم گیربکس', 3, 2, 1, 0, 0, '', NULL, NULL),
(168, '', 'سرویس اولیه تندر 90 چه زمانی می باشد؟', 'در 3هزار کیلومتر اول', 'در هزار کیلومتر اول', 'تندر 90 سرویس اولیه ندارد بلکه سرویس دوره ای در هر 20هزار کیلومتر دارد', 'تندر 90 سرویس اولیه ندارد بلکه سرویس دوره ای در هر 10هزار کیلومتر دارد', 4, 2, 1, 0, 0, '', NULL, NULL),
(169, '', 'سه خصوصیت برجسته تندر 90 چیست؟', 'لوکس - مستحکم - نمادین', 'مدرن - لوکس - قدرتمند', 'مدرن - جادار- ایمن', 'لوکس - قدرتمند و پرمصرف', 3, 2, 1, 0, 0, '', NULL, NULL),
(170, '', 'تعداد استاندارد سرنشینان عقب تندر 90 که می توانند کمربند ایمنی ببندند چند نفر می باشد؟', 'دو نفر', 'سه نفر', 'چهارنفر', 'هیچکدام', 2, 2, 1, 0, 0, '', NULL, NULL),
(171, '', 'گارانتی رنگ و بدنه تندر 90 چقدر می باشد؟', 'گارانتی رنگ 3 سال – گارانتی خوردگی بدنه 6 سال', 'گارانتی رنگ 3 سال - گارانتی خوردگی بدنه 3 سال', 'گارانتی رنگ 6 سال - گارانتی خوردگی بدنه 6 سال', 'گارانتی رنگ 6 سال - گارانتی خوردگی بدنه 3 سال', 1, 2, 1, 0, 0, '', NULL, NULL),
(172, '', 'ظرفیت صندوق عقب خودروی مگان چند لیتر است؟', '455', '520', '482', '500', 2, 2, 1, 0, 0, '', NULL, NULL),
(173, '', 'خصوصیت جدید درب باک بنزین مگان چیست؟', 'اتوماتیک است', 'یکپارچه است', 'بطور چرخشی باز میشود', 'هیچکدام', 2, 2, 1, 0, 0, '', NULL, NULL),
(174, '', 'نحوه کارکرد سیستم EBD چیست؟  ', 'سیستم ایمنی الکتریکی برای قفل شدن چرخ ها  ', 'سیستمی که به توقف ناگهانی خودروکمک میکند', 'سیستمی است که نیروی ترمز را بین 4 چرخ توزیع میکند', 'هر سه ', 3, 2, 1, 0, 0, '', NULL, NULL),
(175, '', 'فضای نگهداری اکسپرشن از اتنتیک', 'بیشتر است', 'به یک اندازه است', 'کمتر است', 'تقریبا مساوی است ', 1, 2, 1, 0, 0, '', NULL, NULL),
(176, '', 'مشخصات موتور مگان دنده اتوماتيك کدام یک از گزینه های زیر می باشد ؟', '1.6 لیتر ،8 سوپاپ ،110 اسب بخار', '1.6 لیتر ،16 سوپاپ ،110 اسب بخار', '2 لیتر ،16سوپاپ ،136 اسب بخار', '2 لیتر ،16سوپاپ ،110 اسب بخار', 3, 2, 1, 0, 0, '', NULL, NULL),
(177, '', 'کلید غیر فعال کننده کیسه هوا به چه منظور میباشد ؟', 'برای غیر فعال کردن هر 6 کیسه هوا', 'برای غیر فعال کردن کیسه های هوای پرده ای و جانبی', 'برای غیر فعال کردن کیسه هوای سرنشینان جلو', 'برای غیر فعال کردن کیسه هوای سمت سرنشین ', 4, 2, 1, 0, 0, '', NULL, NULL),
(178, '', 'عملکرد چراغ همراه پس از خروج از خودرو چگونه است ؟', 'پس از خروج از خودرو چراغهای داخل خودرو بین 30 ثانیه تا 2 دقیقه روشن میمانند ', 'پس از خروج از خودرو چراغهای جلو بین 30 ثانیه تا 2 دقیقه روشن میمانند ', 'پس از خروج از خودرو چراغهای جلو تا 3   دقیقه روشن میمانند ', 'پس از خروج از خودرو چراغها با کمک کارت کلید رنو تا 2 دقیقه روشن میمانند ', 2, 2, 1, 0, 0, '', NULL, NULL),
(179, '', 'در صورت تمام شدن باتری کارت کلید رنو:  ', 'میتوان با کلید یدکی خودرو را روشن کرد ', 'به هیچ وجه نمیتوان خودرو را روشن کرد ', 'باید ابتدا باتری را عوض کرد  ،سپس خودرو را روشن کرد', 'با کلید در را باز کرد و با کارت خودرو را روشن کرد.', 4, 2, 1, 0, 0, '', NULL, NULL),
(180, '', 'نوع فرمان خودروی مگان چیست؟', 'هیدرولیکی', 'پنوماتیک متغیر ', 'هیدرولیکی متغیر', 'الکتریکی متغیر', 4, 2, 1, 0, 0, '', NULL, NULL),
(181, '', 'کیسه های هوای موجود در مگان توليد داخل عبارتند از:  ', 'دو کیسه هوای جلویی ،دو کیسه هوای پرده ای ،دو کیسه هوای جانبی ', 'دو کیسه هوای جلویی ،دو کیسه هوای عقب ، دو کیسه هوای جانبی', 'دو کیسه هوای جلو ', 'کیسه هوای جلویی ،دو کیسه هوای پرده ای ،دو کیسه هوای عقبی ، دو کیسه هوای جانبی', 3, 2, 1, 0, 0, '', NULL, NULL),
(182, '', 'مجموع فضای نگهداری در مدل اکسپرشن چند لیتر است ', '42 لیتر ', '54 لیتر ', '50 لیتر ', '48 لیتر ', 4, 2, 1, 0, 0, '', NULL, NULL),
(183, '', 'وظیفه سیستم کمکی ترمز  اضطراری(EBA):    ', 'تقسیم نیروی ترمز گیری بین 4 چرخ در حالت اظطراری', 'کمک به راننده در هنگام ترمز گیری اضطراری', 'سیستم ترمز ضد قفل', 'حفظ تعادل خودرو در هنگام ترمز گیری اضطراری', 2, 2, 1, 0, 0, '', NULL, NULL),
(184, '', 'سیستم تهویه مطبوع مگان با موتور 2 ليتر....و با موتور 1.6 ....میباشد', 'دستی – دستی', 'اتوماتیک – دستی ', 'دستی - اتوماتیک ', 'اتوماتیک – اتوماتیک ', 2, 2, 1, 0, 0, '', NULL, NULL),
(185, '', 'ضبط مدل اکسپرشن ..... و اتنتیک ...... میباشد', 'سی دی – سی دی', 'سی دی – کاست ', 'کاست – سی دی', 'کاست – کاست', 2, 2, 1, 0, 0, '', NULL, NULL),
(186, '', 'در کدام موتور مگان گیربکس 5 سرعته دستی وجود دارد ؟', '2 لیتر 16 سوپ', '8.1 لیتر 16 سوپاپ', '6.1 لیتر 8 سوپاپ ', '6.1 لیتر 16 سوپاپ ', 4, 2, 1, 0, 0, '', NULL, NULL),
(187, '', 'کدامیک از عملکرد های زیر در خودرو مگان اتنتیک وجود ندارد؟ ', 'کیسه هوای جلو', 'کیسه هوای پرده ای', 'محدود کننده سرعت', 'آیینه برقی ', 4, 2, 1, 0, 0, '', NULL, NULL),
(188, '', 'روکش صندلی مدل اکسپرشن ..... رنگ و اتنتیک .... رنگ میباشد ', 'خاکستری- خاکستری', 'بژ – بژ', 'بژ-خا کستری', 'خاکستری – بژ', 3, 2, 1, 0, 0, '', NULL, NULL),
(189, '', 'کارت کلید رنو برای کدام  مورد زیر قابل استفاده است', 'برای باز و  بسته کردن  قفل درب های خودرو ', 'برای روشن کردن موتور', 'برای بستن پنجره های خودرو از بیرون ', 'هر سه ', 4, 2, 1, 0, 0, '', NULL, NULL),
(190, '', 'کدام یک از موارد زیر ایمنی کودک را در رنو مگان بیشتر تضمین میکند ؟', 'صفحه نمایشگر خوانا ', 'غیر فعا ل کردن کیسه هوا در صندلی عقب ', 'کلید قفل دربها و شیشه های عقب', 'گزینه های ب و ج ', 4, 2, 1, 0, 0, '', NULL, NULL),
(191, '', 'مگان در ایران با کدام یک از خودروهای زیر رقابت میکند ؟', 'سیتروئن زانتیا', 'مزدا 3', 'هیوندای آوانته ', 'هر سه ', 4, 2, 1, 0, 0, '', NULL, NULL),
(192, '', 'حدودا چند درصد بدن انسان از آب تشکیل  شده است ؟', '10', '30', '60', '90', 3, 0, 1, 0, 0, '', NULL, NULL),
(193, '', 'کدامیک از حیوانات زیر فرا صوت را میشوند؟', 'پلنگ', 'اسب', 'شیر', 'خفاش', 4, 0, 1, 0, 0, '', NULL, NULL),
(194, '', 'کدامیک از گزینه های زیر از آثار دیدنی ارومیه است؟', 'گنبد سرخ ', 'سه گنبد ', 'برج مدور آجری ', 'مسجد کبود', 2, 4, 1, 0, 0, 'ارومیه', NULL, NULL),
(195, '', 'فاصله شهر ارومیه تا تبریز چند کیلومتر است؟', '308', '907', '450', '1000', 1, 4, 1, 0, 0, 'ارومیه', NULL, NULL),
(196, '', 'فاصله شهر ارومیه تا تبریز چند کیلومتر است؟', '308', '907', '450', '1000', 1, 4, 1, 0, 0, 'تبریز', NULL, NULL),
(197, '', 'کدامیک زبان گفتاری مردم ارومیه است؟', 'فارسی', 'ترکی آذربایجانی ', 'کردی', 'لری', 2, 4, 1, 0, 0, 'ارومیه', NULL, NULL),
(198, '', 'مهمترین دریاچه اردبیل چه نام دارد؟', 'چشمه علی ', 'دریاچه نئور ', 'دریاچه نمک ', 'دریاچه شور ', 2, 4, 1, 0, 0, 'اردبیل', NULL, NULL),
(199, '', 'سابقه تاریخی شهر اردبیل به زمان کدام سلسله برمیگردد؟', 'اشکانیان', 'ساسانیان', 'سلجوقیان', 'صفویان', 1, 4, 1, 0, 0, 'اردبیل', NULL, NULL),
(200, '', 'از مهمترین آثار تاریخی شهر اردبیل به شمار میرود؟', 'بقعه شیخ صفی الدین ', 'باغ فین ', 'موزه قرآن ', 'پل ورسک', 1, 4, 1, 0, 0, 'اردبیل', NULL, NULL),
(201, '', 'از مراکز مهم توریستی و گردشگری این شهر میباشد؟', 'امامزاده سلطان ', 'هتل امیر کبیر ', 'مسجد جامع ', 'شاه گلی(استخر شاه)', 4, 4, 1, 0, 0, 'اردبیل', NULL, NULL),
(202, '', 'از غذاهای معروف و لذیذ شهر تبریز است؟', 'کوفته', 'سبزی پلو ', 'آش رشته ', 'کباب', 1, 4, 1, 0, 0, 'تبریز', NULL, NULL),
(203, '', 'فاصله شهر تبریز تا تهران چند کیلومتر است؟', '624', '981', '121', '1000', 1, 4, 1, 0, 0, 'تهران', NULL, NULL),
(204, '', 'فاصله شهر تبریز تا تهران چند کیلومتر است؟', '624', '981', '121', '1000', 1, 4, 1, 0, 0, 'تبریز', NULL, NULL),
(205, '', 'ارتفاع شهر تبریز از سطح دریا چند متر است؟', '1120', '700', '3030', '1366', 4, 4, 1, 0, 0, 'تبریز', NULL, NULL),
(206, '', 'از نقاط دیدنی شهر ساری به شمار میرود؟', 'برج ساعت ', 'غار پرو ', 'تپه حصار', 'آرامگاه پیر علمدار', 1, 4, 1, 0, 0, 'ساری', NULL, NULL),
(207, '', 'از آثار تاریخی شهر ساری است؟', 'بقعه شیخ جبرائیل ', 'طاق بستان ', 'امامزاده هفت تن ', 'بیستون', 3, 4, 1, 0, 0, 'ساری', NULL, NULL),
(208, '', 'نام قدیم شهر ساری--------بوده است؟', 'سارویه', 'سخت سر ', 'هشت بهشت ', 'جبلیه', 1, 4, 1, 0, 0, 'ساری', NULL, NULL),
(209, '', 'فاصله شهر ساری تا تهران چند کیلومتر است؟', '500', '352', '1200', '281', 4, 4, 1, 0, 0, 'ساری', NULL, NULL),
(210, '', 'فاصله شهر ساری تا تهران چند کیلومتر است؟', '500', '352', '1200', '281', 4, 4, 1, 0, 0, 'تهران', NULL, NULL),
(211, '', 'نام قدیمی شهر رامسر چیست؟', 'سخت سر ', 'شوشتر', 'تنکابن', 'سیرجان', 1, 4, 1, 0, 0, 'رامسر', NULL, NULL),
(212, '', 'از مراکز مهم توریستی شهر رامسر میباشد؟', 'کتالم	', 'ارگ', 'مسجد تاریخانه', 'کلیسای وانک', 1, 4, 1, 0, 0, 'رامسر', NULL, NULL),
(213, '', 'از مناطق دیدنی بندر انزلی به شمار میرود؟', 'مرداب انزلی ', 'دریای سیاه ', 'بندر امام', 'چشمه آب گرم', 1, 4, 1, 0, 0, 'بندر انزلی', NULL, NULL),
(214, '', 'فاصله بندر انزلی تا رشت چند کیلومتر است؟', '40', '70', '35', '100', 1, 4, 1, 0, 0, 'بندر انزلی', NULL, NULL),
(215, '', 'فاصله بندر انزلی تا رشت چند کیلومتر است؟', '40', '70', '35', '100', 1, 4, 1, 0, 0, 'رشت', NULL, NULL),
(216, '', 'از مهمترین بخشهای شاهرود است؟', 'بسطام', 'بناب', 'مراغه', 'سیرجان', 1, 4, 1, 0, 0, 'شاهرود', NULL, NULL),
(217, '', 'از بناهای دیدنی شهرستان شاهرود میباشد؟', 'بیستون', 'طاق بستان ', 'گنبد علویان ', 'برج معصوم زاده', 4, 4, 1, 0, 0, 'شاهرود', NULL, NULL),
(218, '', 'کدامیک از جاذبه های طبیعی شاهرود است؟', 'رودخانه تاش ', 'چشمه آبگرم ', 'قلعه جلالی ', 'چهلستون', 1, 4, 1, 0, 0, 'شاهرود', NULL, NULL),
(219, '', 'زبان مردم آستارا در گذشته چه بوده است؟', 'تالشی', 'ترکی', 'آذری', 'فارسی دری', 1, 4, 1, 0, 0, 'آستارا', NULL, NULL),
(220, '', 'از نقاط دیدنی شهرستان آستارا میباشد؟', 'گردنه حیران ', 'باغ ماهان ', 'تپه حصار ', 'گنبد سرخ', 1, 4, 1, 0, 0, 'آستارا', NULL, NULL),
(221, '', 'از اماکن دیدنی لاهیجان است؟', 'امامزاده حسین ', 'بقعه امامزاده یعقوب ', 'روستای کندوان', 'موزه چای', 4, 4, 1, 0, 0, 'لاهیجان', NULL, NULL),
(222, '', 'زبان گفتاری مردم لاهیجان چیست؟', 'آذری ', 'گیلکی', 'تالشی', 'فارسی', 2, 4, 1, 0, 0, 'لاهیجان', NULL, NULL),
(223, '', 'کدامیک مهمترین محصول رودبار است؟ ', 'زیتون', 'پسته', 'پنبه', 'زیره', 1, 4, 1, 0, 0, 'رودبار', NULL, NULL),
(224, '', 'بلندترین قله شهرستان رودبار چه نام دارد؟', 'میبد', 'دماوند', 'درفک(دلفک) ', 'دنا', 3, 4, 1, 0, 0, 'رودبار', NULL, NULL),
(225, '', 'کدامیک از دهستانهای فومن میباشد؟', 'کتالم', 'گرمسار', 'سیرجان', 'آلیان', 4, 4, 1, 0, 0, 'فومن', NULL, NULL),
(226, '', 'کدامیک از مناطق دیدنی اطراف فومن میباشد؟', 'معبد آناهیتا ', 'ماسوله', 'بقعه مالک ', 'دروازه ارگ', 2, 4, 1, 0, 0, 'فومن', NULL, NULL),
(227, '', 'کدامیک از محصولات تولید شده در تالش میباشد؟', 'توتون ', 'پسته', 'چای', 'پنبه', 1, 4, 1, 0, 0, 'تالش', NULL, NULL),
(228, '', 'کدامیک از نقاط دیدنی تالش میباشد؟', 'غار کاوات ', 'امامزاده شاه حسین ', 'مسجد سلطانی', 'جاده گیسوم', 2, 4, 1, 0, 0, 'تالش', NULL, NULL),
(229, '', 'چرا در آسمان رنگین کمان تشکیل میشود؟', 'تجزیه نور ', 'تبخیر آب ', 'حل شدن دی اکسید کربن هوا ', 'سرمای هوا', 1, 0, 1, 0, 0, '', NULL, NULL),
(230, '', 'تصویر در آیینه چند بعدی است؟', '3 بعدی', '2 بعدی', '4 بعدی', 'هیچکدام', 2, 0, 1, 0, 0, '', NULL, NULL),
(231, '', 'دریانوردان در قدیم چگونه جهت یابی میکردند؟', 'با آهنربا', 'با نقشه ', 'با ساعت ', 'با آتش', 1, 0, 1, 0, 0, '', NULL, NULL),
(232, '', 'ضریب جهانی گرانش توسط چه کسی محاسبه شد؟', 'انیشتن', 'سقراط', 'نیوتن', 'ابوریحان', 3, 0, 1, 0, 0, '', NULL, NULL),
(233, '', 'پوست انسان چند رنگدانه دارد؟', '8', '4', '2', '10', 2, 0, 1, 0, 0, '', NULL, NULL),
(234, '', 'رنگ شیشه چه نام دارد؟', 'ویترای', 'روغن', 'اکرلیک', 'پلاستیک', 1, 0, 1, 0, 0, '', NULL, NULL),
(235, '', 'سرعت نور چند کیلومتر بر ثانیه است ؟', '2000', '10000', '4000', '125000', 4, 0, 1, 0, 0, '', NULL, NULL),
(236, '', 'حق تقدم با کدامیک از ماشینهای زیر است؟', 'آـش نشانی', 'اتوبوس', 'سواری', 'کامیون', 1, 3, 1, 0, 0, '', NULL, NULL),
(237, '', 'اگر بعد از آزمایش چشم متوجه شدید که نیاز به عینک دارید چه موقع باید از آن استفاده کنید؟', 'فقط در موقع الودگی هوا ', 'در زمانیکه احساس میکنید لازم است ', 'در تمام اوقات رانندگی ', 'فقط در نور کم و شبها ', 3, 3, 1, 0, 0, '', NULL, NULL),
(238, '', 'نزدیک ترین سیاره به زمین چه نام دارد؟', 'زهره', 'نپتون', 'پلوتون', 'زحل', 1, 0, 1, 0, 0, '', NULL, NULL),
(239, '', 'هشتمین سیاره نزدیک به خورشید چه نام دارد؟', 'اورانوس', 'زهره', 'نپتون', 'پلوتون', 3, 0, 1, 0, 0, '', NULL, NULL),
(240, '', 'از عمر خورشید چند میلیارد سال میگذرد؟', '2', '5', '10', '14', 2, 0, 1, 0, 0, '', NULL, NULL),
(241, '', 'دورترین سیاره از خورشید کدام است ؟ ', 'اورانوس', 'مریخ', 'پلوتون', 'زمین', 3, 0, 1, 0, 0, '', NULL, NULL),
(242, '', 'کاشف رادیوم کیست؟', 'ماری کوری ', 'ابوریحان', 'سقراط', 'ابوعلی سینا', 1, 0, 1, 0, 0, '', NULL, NULL),
(243, '', 'نام گاز یخچال در گذشته چه بوده است؟', 'هیدرو کربنها ', 'پروپان', 'متان', 'فریون', 4, 0, 1, 0, 0, '', NULL, NULL),
(244, '', 'کدامیک از شهر های افغانستان است؟', 'لاهرود', 'نمین', 'خلخال', 'هرات ', 4, 4, 1, 0, 0, 'افغانستان', NULL, NULL),
(245, '', 'فراوانترین عنصر در خورشید کدام است؟', 'هلیم', 'نیتروژن', 'هیدروژن', 'ازت', 3, 0, 1, 0, 0, '', NULL, NULL),
(246, '', 'سوخت اوليه براي ستارگان کدام عنصر است ؟', 'هیدروژن', 'هلیم', 'ازت', 'اورانیوم', 1, 0, 1, 0, 0, '', NULL, NULL),
(247, '', 'جزر چیست؟', 'بالا آمدن آب دریا ', 'پایین رفتن آب دریا ', 'ته نشین شدن ماسه ها ', 'طغیان آب دریا', 2, 0, 1, 0, 0, '', NULL, NULL),
(248, '', 'کدام یک از دانش های زیر به ما کمک می کند تا از چگونگی زندگی مردم در مکان های مختلف آگاه شویم؟', 'تاریخ', 'جغرافیا', 'مدنی', 'علوم', 2, 0, 1, 0, 0, '', NULL, NULL),
(249, '', 'بلند ترین قله ایران چه نام دارد؟', 'سبلان', 'دنا', 'البرز', 'دماوند', 4, 0, 1, 0, 0, '', NULL, NULL),
(250, '', 'در بدن انسان چند لیتر آب وجود دارد؟', '700', '50', '100', '400', 2, 0, 1, 0, 0, '', NULL, NULL),
(251, '', 'نخستین پرچم متعلق به  کدام ملت بوده است؟', 'دانمارک', 'فرانسه', 'آلمان', 'آمریکا', 1, 0, 1, 0, 0, '', NULL, NULL),
(252, '', 'ویتامین آ در کدامیک وجود دارد؟', 'کاهو', 'شیر', 'حبوبات', 'جگر', 1, 0, 1, 0, 0, '', NULL, NULL),
(253, '', 'نزدیک ترین ستاره به زمین چه نام دارد؟', 'سهیل', 'شباهنگ', 'اطلس', 'خورشید', 4, 0, 1, 0, 0, '', NULL, NULL),
(254, '', 'فاصله خورشید از زمین چند کیلومتر است؟', 'صدو چهل و نه میلیون و هفتصد هزار', 'یک میلیون ', 'چهارصد میلیون ', 'دویست میلیون ', 1, 0, 1, 0, 0, '', NULL, NULL),
(255, '', 'پوسته زمین چند لایه دارد؟', '10', '12', '2', '8', 3, 0, 1, 0, 0, '', NULL, NULL),
(256, '', 'چند میلیارد ستاره در کهکشان راه شیری وجود دارد؟', '3', '10', '5', '12', 1, 0, 1, 0, 0, '', NULL, NULL),
(257, '', 'چند درصد مغز از آب درست شده است؟', '12%', '44%', '79%', '30%', 3, 0, 1, 0, 0, '', NULL, NULL),
(258, '', 'ویتامین ث در کدامیک بیشتر وجود دارد؟', 'سبزی', 'تخم مرغ', 'ماهی', 'گوجه فرنگی', 4, 0, 1, 0, 0, '', NULL, NULL),
(259, '', 'موسیقی اولین بار در کدام کشور اختراع شد؟', 'چین', 'آلمان', 'هلند', 'انگلیس', 1, 0, 1, 0, 0, '', NULL, NULL),
(260, '', 'قلب انسان در هر دقیقه چند بار میزند؟', '20', '10', '70', '40', 3, 0, 1, 0, 0, '', NULL, NULL),
(261, '', 'اندازه سلول های قرمز چند سانتی متر است؟', 'کمتر از 100 ', 'بیشتر از 100', '400', '782', 1, 0, 1, 0, 0, '', NULL, NULL),
(262, '', 'چه کسی رادیو را اختراع کرد؟', 'ماری کوری ', 'انیشتن', 'سقراط', 'مارکونی', 4, 0, 1, 0, 0, '', NULL, NULL),
(263, '', 'اولین شبکه رادیویی درچه سال میلادی  تاسیس شد؟', '1000', '1901', '1200', '1800', 2, 0, 1, 0, 0, '', NULL, NULL),
(264, '', 'پدر علم پزشکی کیست؟', 'بقراط', 'ابوعلی سینا ', 'نیوتن', 'ابوریحان بیرونی', 1, 0, 1, 0, 0, '', NULL, NULL),
(265, '', 'معنی نام کشور آرژانتین چیست؟', 'سرزمین نقره ', 'سرزمین کوه نشینان ', 'سرزمین بدون سرما ', 'سرزمین پر آب', 1, 0, 1, 0, 0, '', NULL, NULL),
(266, '', 'سیاره اورانوس چند قمر دارد؟', '12', '2', '1', '15', 4, 0, 1, 0, 0, '', NULL, NULL),
(267, '', 'شاهنامه فردوسی چند هزار بیت دارد؟', '2000', '75000', '10000', '5500', 2, 0, 1, 0, 0, '', NULL, NULL),
(268, '', 'گربه چند گروه خونی دارد؟', '5', '2', '1', '12', 1, 0, 1, 0, 0, '', NULL, NULL),
(269, '', 'سریعترین پرنده کدام است؟', 'کلاغ', 'شاهین', 'طوطی', 'لاک پشت', 2, 0, 1, 0, 0, '', NULL, NULL),
(270, '', 'چند درصد از گیاهان در اقیانوسها رشد میکنند؟', '1%', '20%', '5%', '85%', 4, 0, 1, 0, 0, '', NULL, NULL),
(271, '', 'اولین تمبر جهان در کدام کشور به چاپ رسید؟', 'آلمان', 'انگلستان', 'دانمارک', 'شیلی', 2, 0, 1, 0, 0, '', NULL, NULL),
(272, '', 'قدرت دید جغد چند برابر انسان است؟', '82', '1', 'نیم', '20', 1, 0, 1, 0, 0, '', NULL, NULL),
(273, '', 'وزن اسکلت انسان چند کیلوگرم است؟', '8', '5', '13', '100', 3, 0, 1, 0, 0, '', NULL, NULL),
(274, '', 'بلند ترین بادگیر جهان در کدام شهر است؟', 'کرمان', 'یزد', 'سمنان', 'مرکزی', 2, 4, 1, 0, 0, 'یزد', NULL, NULL),
(275, '', 'قویترین نیروی دنیا کدام است؟', 'نیروی کششی ', 'نیروی الکترو مغناطیس ', 'نیروی جاذبه ', 'نیروی هسته ای', 4, 0, 1, 0, 0, '', NULL, NULL),
(276, '', 'تنها ماده غذایی که فاسد نمیشود کدام است؟', 'عسل', 'شیر', 'خامه', 'پنیر', 1, 0, 1, 0, 0, '', NULL, NULL),
(277, '', 'مرد ها  هرچند ثانیه  یکبار مژه میزنند؟                             ', '3', '10', '20', '15', 1, 0, 1, 0, 0, '', NULL, NULL),
(278, '', 'بلند ترین صدا مربوط به کدام حیوان است؟', 'طوطی', 'مورچه\n', 'اسب', 'موش', 2, 0, 1, 0, 0, '', NULL, NULL),
(279, '', 'دومین تولید کننده انجیر جهان کدام کشور است؟', 'انگلستان', 'سوییس', 'آلمان', 'ایران', 4, 0, 1, 0, 0, '', NULL, NULL),
(280, '', 'در بدن انسان چند رشته اعصاب وجود د ارد؟', '2', '12', '22', '121', 1, 0, 1, 0, 0, '', NULL, NULL),
(281, '', 'بعد از مغز پیچیده ترین عضو بدن انسان کدام است ؟', 'ریه', 'کبد', 'دست', 'ناخن', 2, 0, 1, 0, 0, '', NULL, NULL),
(282, '', 'دندان مصنوعی اولین بار در کجا اختراع شد؟', 'ونزوئلا', 'ماداگاسکار', 'مصر', 'جزایر هونولولو', 3, 0, 1, 0, 0, '', NULL, NULL),
(283, '', 'ضریب هوشی یک انسان معمولی چقدر است؟', '85 تا 100', '20 تا 30', '30 تا 50', '1 تا 5', 1, 0, 1, 0, 0, '', NULL, NULL),
(284, '', 'چقدر طول میکشد تا نور خورشید به زمین برسد؟', '120 دقیقه ', '8 دقیقه ', 'دو روز', 'یک سال', 2, 0, 1, 0, 0, '', NULL, NULL),
(285, '', 'اولین مردمانی که زغال سنگ را کشف کردند چه کسانی بودند؟', 'ونزوئلا', 'کومور', 'ایران', 'چاد', 3, 0, 1, 0, 0, '', NULL, NULL),
(286, '', 'قديمي ترين آثاري كه از انسان هاي اوليه بدست آمده در کجا یافت شده است؟', 'ایران', 'آلمان', 'آفریقا', 'آمریکا', 3, 0, 1, 0, 0, '', NULL, NULL),
(287, '', 'عمر کدامیک از پرندگان زیر از همه بیشتر است؟', 'جغد', 'کلاغ', 'پشه', 'سوسک', 2, 0, 1, 0, 0, '', NULL, NULL),
(288, '', 'مسجد امام اصفهان در زمان کدام پادشاه ساخته شده است؟', 'شاه عباس ', 'فتحعلی شاه ', 'آقا محمد خان ', 'لویی اول', 1, 4, 1, 0, 0, 'اصفهان', NULL, NULL),
(289, '', 'کدامیک از گرانترین شهر های آسیا است', 'توکیو', 'پاریس', 'تهران', 'الیگودرز', 1, 0, 1, 0, 0, '', NULL, NULL),
(290, '', 'هر انسان بدون آب چه مدت میتواند زنده بماند؟', 'یک هفته', '2 الی 3 سال', 'چند دقیقه', 'بیست روز', 1, 0, 1, 0, 0, '', NULL, NULL),
(291, '', 'بزرگترین صحرای جهان در کجا است؟', 'آفریقا', 'آمریکا', 'اروپا', 'آسیا', 1, 0, 1, 0, 0, '', NULL, NULL),
(292, '', 'عمیق ترین دره جهان در کدام کشور است؟', 'آلمان', 'هلند', 'سوئد', 'چین', 4, 0, 1, 0, 0, '', NULL, NULL),
(293, '', 'تنها حیوانی که اصلا نمیتواند شنا کند حتی با آموزش کدام است؟', 'موش', 'فیل', 'اسب', 'شتر', 4, 0, 1, 0, 0, '', NULL, NULL),
(294, '', 'مردان روزی چند تار مو از دست میدهند؟', '10', '100', '40', '1', 3, 0, 1, 0, 0, '', NULL, NULL),
(295, '', 'کدامیک از جانوران زیر ناشنوا هستند؟', 'سوسمار', 'مار', 'میمون', 'خرگوش', 2, 0, 1, 0, 0, '', NULL, NULL),
(296, '', 'بزرگترین حیوان خشکی کدام است؟', 'اسب', 'فیل', 'گاو', 'ماهی قرمز', 2, 0, 1, 0, 0, '', NULL, NULL),
(297, '', 'دهان انسان روزانه چند لیتر بزاق تولید میکند؟', '1 لیتر', '35 لیتر', '51 لیتر', '120 لیتر', 1, 0, 1, 0, 0, '', NULL, NULL),
(298, '', 'کدامیک از حیوانات زیر قادر به دیدن آسمان نیستند؟', 'اسب', 'گاو', 'خوک', 'شتر', 3, 0, 1, 0, 0, '', NULL, NULL),
(299, '', 'کدامیک از حیوانات زیر همه چیز را خاکستری میبیند؟', 'گربه', 'موش', 'روباه', 'سگ', 3, 0, 1, 0, 0, '', NULL, NULL),
(300, '', 'اولین تمبر جهان در چه سال میلادی  به چاپ رسید؟', '2000', '1500', '1000', '1840', 4, 0, 1, 0, 0, '', NULL, NULL),
(301, '', 'زرافه تازه متولد شده چند متر قد دارد؟', '2', '10', '1', '5', 1, 0, 1, 0, 0, '', NULL, NULL),
(302, '', 'شطرنج اولین بار در کجا اختراع شد؟', 'هند', 'ترکیه', 'ایران', 'سوئد', 1, 0, 1, 0, 0, '', NULL, NULL),
(303, '', 'مقاوم ترین ماهیچه در بدن کدام ماهیچه است؟', 'زبان', 'دست', 'پا ', 'گردن', 1, 0, 1, 0, 0, '', NULL, NULL),
(304, '', 'نام قدیم ترکیه چه بوده است؟', 'قونیه', 'عثمانی', 'رم', 'دهلران', 2, 0, 1, 0, 0, '', NULL, NULL),
(305, '', 'گروه های خونی چه زمانی کشف شد؟', '10 سال پیش ', '20 سال پیش ', '40 سال پیش ', '105 سال پیش', 4, 0, 1, 0, 0, '', NULL, NULL);

-- --------------------------------------------------------

--
-- Table structure for table `cars`
--

CREATE TABLE IF NOT EXISTS `cars` (
  `id` int(10) unsigned NOT NULL AUTO_INCREMENT,
  `user_id` int(10) unsigned NOT NULL,
  `type` tinyint(2) unsigned NOT NULL DEFAULT '1' COMMENT '1:logan',
  `date_created` timestamp NOT NULL DEFAULT CURRENT_TIMESTAMP ON UPDATE CURRENT_TIMESTAMP,
  `date_modified` timestamp NOT NULL DEFAULT '0000-00-00 00:00:00',
  PRIMARY KEY (`id`)
) ENGINE=MyISAM  DEFAULT CHARSET=utf8 AUTO_INCREMENT=2 ;

--
-- Dumping data for table `cars`
--


-- --------------------------------------------------------

--
-- Table structure for table `checkpoints`
--

CREATE TABLE IF NOT EXISTS `checkpoints` (
  `id` int(10) unsigned NOT NULL AUTO_INCREMENT,
  `race_id` int(10) unsigned NOT NULL,
  `kilometer` int(10) unsigned NOT NULL DEFAULT '0' COMMENT 'which spot of the race',
  `name` varchar(250) NOT NULL,
  `city` varchar(250) NOT NULL,
  `max_speed` tinyint(3) unsigned NOT NULL COMMENT 'shows the position of the checkpoint and the proper maximum speed. Overloads the max speed of race.',
  `road_situation` tinyint(1) unsigned NOT NULL COMMENT '1:laghzande',
  `question_type` tinyint(2) unsigned NOT NULL,
  PRIMARY KEY (`id`)
) ENGINE=MyISAM  DEFAULT CHARSET=utf8 AUTO_INCREMENT=2085 ;

--
-- Dumping data for table `checkpoints`
--

INSERT INTO `checkpoints` (`id`, `race_id`, `kilometer`, `name`, `city`, `max_speed`, `road_situation`, `question_type`) VALUES
(2062, 54, 1350, '', 'نیکشهر', 95, 0, 0),
(2061, 54, 1200, '', 'راسک', 95, 0, 0),
(2060, 54, 1100, '', 'زابلی', 95, 0, 0),
(2059, 54, 950, '', 'خاش', 95, 0, 0),
(2058, 54, 800, '', 'ایرانشهر', 95, 0, 0),
(2057, 54, 600, '', 'محمدآباد', 95, 1, 0),
(2056, 54, 300, '', 'زاهدان', 95, 1, 0),
(2055, 54, 0, '', 'زابل', 95, 1, 0),
(2054, 53, 1500, '', 'نیشابور', 95, 0, 0),
(2053, 53, 1350, '', 'کاشمر', 95, 0, 0),
(2052, 53, 1200, '', 'فردوس', 95, 0, 0),
(2051, 53, 1100, '', 'دیهوک', 95, 0, 0),
(2050, 53, 950, '', 'راور', 95, 0, 0),
(2049, 53, 800, '', 'کرمان', 95, 0, 0),
(2048, 53, 600, '', 'بافت', 95, 0, 0),
(2047, 53, 300, '', 'جیرفت', 95, 0, 0),
(2046, 53, 0, '', 'بم', 95, 1, 0),
(2045, 52, 800, '', 'نیشابور', 80, 0, 0),
(2044, 52, 750, '', 'کاشمر', 80, 1, 0),
(2043, 52, 650, '', 'فردوس', 80, 0, 0),
(2042, 52, 550, '', 'دیهوک', 80, 0, 0),
(2041, 52, 450, '', 'راور', 80, 0, 0),
(2040, 52, 300, '', 'بافت', 80, 0, 0),
(2039, 52, 0, '', 'کرمان', 80, 1, 0),
(2038, 51, 800, '', 'فردوس', 80, 0, 0),
(2037, 51, 750, '', 'کاشمر', 80, 0, 0),
(2036, 51, 650, '', 'دیهوک', 80, 0, 0),
(2035, 51, 550, '', 'راور', 80, 1, 0),
(2034, 51, 450, '', 'کرمان', 80, 1, 0),
(2033, 51, 300, '', 'بافت', 80, 0, 0),
(2032, 51, 0, '', 'جیرفت', 80, 0, 0),
(2031, 50, 800, '', 'اردکان', 80, 1, 0),
(2030, 50, 750, '', 'خوانق', 80, 0, 0),
(2029, 50, 650, '', 'خور', 80, 0, 0),
(2028, 50, 550, '', 'انارک', 80, 0, 0),
(2027, 50, 450, '', 'نایین', 80, 1, 0),
(2026, 50, 300, '', 'بادرود', 80, 0, 0),
(2025, 50, 0, '', 'دلیجان', 80, 1, 0),
(2024, 49, 2000, '', 'سقز', 80, 2, 0),
(2023, 49, 1900, '', 'ارومیه', 80, 4, 0),
(2022, 49, 1750, '', 'سلماس', 80, 2, 0),
(2021, 49, 1600, '', 'تبریز', 80, 4, 0),
(2020, 49, 1450, '', 'سراب', 80, 3, 0),
(2019, 49, 1300, '', 'خلخال', 80, 3, 0),
(2018, 49, 1100, '', 'لوشان', 80, 2, 0),
(2017, 49, 950, '', 'رامسر', 80, 4, 0),
(2016, 49, 800, '', 'نور', 80, 2, 0),
(2015, 49, 600, '', 'ساری', 80, 2, 0),
(2014, 49, 300, '', 'گرگان', 80, 2, 0),
(2013, 49, 0, '', 'شاهرود', 80, 3, 0),
(2012, 48, 1500, '', 'سقز', 70, 4, 0),
(2011, 48, 1350, '', 'ارومیه', 70, 2, 0),
(2010, 48, 1200, '', 'سلماس', 70, 4, 0),
(2009, 48, 1100, '', 'تبریز', 70, 4, 0),
(2008, 48, 950, '', 'سراب', 70, 4, 0),
(2007, 48, 800, '', 'خلخال', 70, 4, 0),
(2006, 48, 600, '', 'لوشان', 70, 2, 0),
(2005, 48, 300, '', 'رامسر', 70, 4, 0),
(2004, 48, 0, '', 'نور', 70, 3, 0),
(2003, 47, 1500, '', 'ارومیه', 70, 3, 0),
(2002, 47, 1350, '', 'سلماس', 70, 4, 0),
(2001, 47, 1200, '', 'تبریز', 70, 4, 0),
(2000, 47, 1100, '', 'سراب', 70, 2, 0),
(1999, 47, 950, '', 'خلخال', 70, 3, 0),
(1998, 47, 800, '', 'لوشان', 70, 3, 0),
(1997, 47, 600, '', 'رامسر', 70, 4, 0),
(1996, 47, 300, '', 'نور', 70, 3, 0),
(1995, 47, 0, '', 'ساری', 70, 2, 0),
(1994, 46, 1500, '', 'رودبار', 70, 4, 0),
(1993, 46, 1350, '', 'صومعه سرا', 70, 3, 0),
(1992, 46, 1200, '', 'لنگرود', 70, 2, 0),
(1991, 46, 1100, '', 'تنکابن', 70, 2, 0),
(1990, 46, 950, '', 'کلاردشت', 70, 4, 0),
(1989, 46, 800, '', 'نوشهر', 70, 3, 0),
(1988, 46, 600, '', 'بابلسر', 70, 2, 0),
(1987, 46, 300, '', 'بندرترکمن', 70, 3, 0),
(1986, 46, 0, '', 'گنبدکاووس', 70, 3, 0),
(1985, 45, 800, '', 'سراب', 60, 3, 0),
(1984, 45, 750, '', 'خلخال', 60, 4, 0),
(1983, 45, 650, '', 'لوشان', 60, 3, 0),
(1982, 45, 550, '', 'رامسر', 60, 3, 0),
(1981, 45, 450, '', 'نور', 60, 3, 0),
(1980, 45, 300, '', 'ساری', 60, 2, 0),
(1979, 45, 0, '', 'گرگان', 60, 4, 0),
(1978, 44, 800, '', 'لنگرود', 60, 2, 0),
(1977, 44, 750, '', 'تنکابن', 60, 3, 0),
(1976, 44, 650, '', 'کلاردشت', 60, 2, 0),
(1975, 44, 550, '', 'نوشهر', 60, 3, 0),
(1974, 44, 450, '', 'رامسر', 60, 3, 0),
(1973, 44, 300, '', 'نور', 60, 2, 0),
(1972, 44, 0, '', 'بابلسر', 60, 2, 0),
(1971, 43, 800, '', 'اردبیل', 60, 2, 0),
(1970, 43, 750, '', 'تالش', 60, 4, 0),
(1969, 43, 650, '', 'فومن', 60, 2, 0),
(1968, 43, 550, '', 'رودبار', 60, 2, 0),
(1967, 43, 450, '', 'لاهیجان', 60, 3, 0),
(1966, 43, 300, '', 'بندرانزلی', 60, 4, 0),
(1965, 43, 0, '', 'آستارا', 60, 4, 0),
(1964, 42, 2000, '', 'شلمزار', 80, 2, 0),
(1963, 42, 1900, '', 'چلگرد', 80, 1, 0),
(1962, 42, 1750, '', 'فریدونشهر', 80, 4, 0),
(1961, 42, 1600, '', 'الیگودرز', 80, 5, 0),
(1960, 42, 1450, '', 'دورود', 80, 3, 0),
(1959, 42, 1300, '', 'خرم آباد', 80, 4, 0),
(1958, 42, 1100, '', 'بروجرد', 80, 3, 0),
(1957, 42, 950, '', 'نهاوند', 80, 5, 0),
(1956, 42, 800, '', 'کنگاور', 80, 2, 0),
(1955, 42, 600, '', 'کرمانشاه', 80, 2, 0),
(1954, 42, 300, '', 'سنقر', 80, 1, 0),
(1953, 42, 0, '', 'همدان', 80, 3, 0),
(1952, 41, 1500, '', 'الیگودرز', 70, 1, 0),
(1951, 41, 1350, '', 'فریدونشهر', 70, 5, 0),
(1950, 41, 1200, '', 'چلگرد', 70, 1, 0),
(1949, 41, 1100, '', 'فریدونشهر', 70, 4, 0),
(1948, 41, 950, '', 'الیگودرز', 70, 4, 0),
(1947, 41, 800, '', 'دورود', 70, 1, 0),
(1946, 41, 600, '', 'خرم آباد', 70, 4, 0),
(1945, 41, 300, '', 'بروجرد', 70, 2, 0),
(1944, 41, 0, '', 'نهاوند', 70, 3, 0),
(1943, 40, 1500, '', 'شلمزار', 70, 5, 0),
(1942, 40, 1350, '', 'چلگرد', 70, 4, 0),
(1941, 40, 1200, '', 'فریدونشهر', 70, 5, 0),
(1940, 40, 1100, '', 'الیگودرز', 70, 1, 0),
(1939, 40, 950, '', 'دورود', 70, 2, 0),
(1938, 40, 800, '', 'نهاوند', 70, 5, 0),
(1937, 40, 600, '', 'بروجرد', 70, 5, 0),
(1936, 40, 300, '', 'کنگاور', 70, 1, 0),
(1935, 40, 0, '', 'خرم آباد', 70, 3, 0),
(1934, 39, 1500, '', 'زنجان', 70, 5, 0),
(1933, 39, 1350, '', 'خرمدره', 70, 4, 0),
(1932, 39, 1200, '', 'کوهین', 70, 1, 0),
(1931, 39, 1100, '', 'الوند', 70, 4, 0),
(1930, 39, 950, '', 'طالقان', 70, 2, 0),
(1929, 39, 800, '', 'آسارا', 70, 3, 0),
(1928, 39, 600, '', 'بلده', 70, 1, 0),
(1927, 39, 300, '', 'فیروزکوه', 70, 5, 0),
(1926, 39, 0, '', 'دماوند', 70, 1, 0),
(1925, 38, 800, '', 'خرم آباد', 60, 4, 0),
(1924, 38, 750, '', 'الیگودرز', 60, 1, 0),
(1923, 38, 650, '', 'بروجرد', 60, 4, 0),
(1922, 38, 550, '', 'نهاوند', 60, 5, 0),
(1921, 38, 450, '', 'کنگاور', 60, 1, 0),
(1920, 38, 300, '', 'سنقر', 60, 4, 0),
(1919, 38, 0, '', 'کرمانشاه', 60, 2, 0),
(1918, 37, 800, '', 'طالقان', 60, 5, 0),
(1917, 37, 750, '', 'آسارا', 60, 5, 0),
(1916, 37, 650, '', 'بلده', 60, 2, 0),
(1915, 37, 550, '', 'قزوین', 60, 4, 0),
(1914, 37, 450, '', 'تهران', 60, 1, 0),
(1913, 37, 300, '', 'دماوند', 60, 1, 0),
(1912, 37, 0, '', 'فیروزکوه', 60, 4, 0),
(1911, 36, 800, '', 'میبد', 60, 2, 0),
(1910, 36, 750, '', 'یاسوج', 60, 4, 0),
(1909, 36, 650, '', 'سمیرم', 60, 4, 0),
(1908, 36, 550, '', 'لردگان', 60, 1, 0),
(1907, 36, 450, '', 'بروجن', 60, 3, 0),
(1906, 36, 300, '', 'اردل', 60, 4, 0),
(1905, 36, 0, '', 'شهرکرد', 60, 2, 0),
(1904, 35, 2000, '', 'تهران', 100, 5, 0),
(1903, 35, 1900, '', 'قزوین', 100, 5, 0),
(1902, 35, 1750, '', 'اراک', 100, 3, 0),
(1901, 35, 1600, '', 'گلپایگان', 100, 2, 0),
(1900, 35, 1450, '', 'اصفهان', 100, 3, 0),
(1899, 35, 1300, '', 'کاشان', 100, 1, 0),
(1898, 35, 1100, '', 'یزد', 100, 3, 0),
(1897, 35, 950, '', 'گناباد', 100, 2, 0),
(1896, 35, 800, '', 'مشهد', 100, 1, 0),
(1895, 35, 600, '', 'شاهرود', 100, 4, 0),
(1894, 35, 300, '', 'سمنان', 100, 3, 0),
(1893, 35, 0, '', 'تهران', 100, 2, 0),
(1892, 34, 1500, '', 'قزوین', 90, 0, 0),
(1891, 34, 1350, '', 'اراک', 90, 3, 0),
(1890, 34, 1200, '', 'زنجان', 90, 0, 0),
(1889, 34, 1100, '', 'گلپایگان', 90, 3, 0),
(1888, 34, 950, '', 'سمنان', 90, 0, 0),
(1887, 34, 800, '', 'شاهرود', 90, 1, 0),
(1886, 34, 600, '', 'اصفهان', 90, 0, 0),
(1885, 34, 300, '', 'کاشان', 90, 2, 0),
(1884, 34, 0, '', 'یزد', 90, 1, 0),
(1883, 33, 1500, '', 'تهران', 90, 1, 0),
(1882, 33, 1350, '', 'قزوین', 90, 1, 0),
(1881, 33, 1200, '', 'زنجان', 90, 1, 0),
(1880, 33, 1100, '', 'اراک', 90, 1, 0),
(1879, 33, 950, '', 'گلپایگان', 90, 2, 0),
(1878, 33, 800, '', 'سمنان', 90, 3, 0),
(1877, 33, 600, '', 'شاهرود', 90, 2, 0),
(1876, 33, 300, '', 'کاشان', 90, 0, 0),
(1875, 33, 0, '', 'اصفهان', 90, 0, 0),
(1874, 32, 1500, '', 'کازرون', 90, 2, 0),
(1873, 32, 1350, '', 'بندرگناوه', 90, 2, 0),
(1872, 32, 1200, '', 'امیدیه', 90, 2, 0),
(1871, 32, 1100, '', 'آبادان', 90, 1, 0),
(1870, 32, 950, '', 'اهواز', 90, 3, 0),
(1869, 32, 800, '', 'دزفول', 90, 3, 0),
(1868, 32, 600, '', 'دهلران', 90, 2, 0),
(1867, 32, 300, '', 'ایلام', 90, 1, 0),
(1866, 32, 0, '', 'مریوان', 90, 2, 0),
(1865, 31, 800, '', 'مشهد', 80, 2, 0),
(1864, 31, 750, '', 'شاهرود', 80, 1, 0),
(1863, 31, 650, '', 'سمنان', 80, 1, 0),
(1862, 31, 550, '', 'اراک', 80, 3, 0),
(1861, 31, 450, '', 'گلپایگان', 80, 0, 0),
(1860, 31, 300, '', 'قزوین', 80, 0, 0),
(1859, 31, 0, '', 'تهران', 80, 0, 0),
(1858, 30, 800, '', 'امیدیه', 80, 2, 0),
(1857, 30, 750, '', 'آبادان', 80, 2, 0),
(1856, 30, 650, '', 'اهواز', 80, 3, 0),
(1855, 30, 550, '', 'دزفول', 80, 1, 0),
(1854, 30, 450, '', 'دهلران', 80, 1, 0),
(1853, 30, 300, '', 'مریوان', 80, 2, 0),
(1852, 30, 0, '', 'ایلام', 80, 2, 0),
(1851, 29, 800, '', 'بوشهر', 80, 1, 0),
(1850, 29, 750, '', 'برازجان', 80, 1, 0),
(1849, 29, 650, '', 'بندردیر', 80, 3, 0),
(1848, 29, 550, '', 'خنج', 80, 2, 0),
(1847, 29, 450, '', 'لار', 80, 3, 0),
(1846, 29, 300, '', 'بندرخمیر', 80, 3, 0),
(1845, 29, 0, '', 'بندرعباس', 80, 0, 0),
(1844, 28, 2000, '', 'چابهار', 110, 1, 0),
(1843, 28, 1900, '', 'نیکشهر', 110, 0, 0),
(1842, 28, 1750, '', 'راسک', 110, 0, 0),
(1841, 28, 1600, '', 'زابلی', 110, 0, 0),
(1840, 28, 1450, '', 'خاش', 110, 1, 0),
(1839, 28, 1300, '', 'ایرانشهر', 110, 0, 0),
(1838, 28, 1100, '', 'محمدآباد', 110, 1, 0),
(1837, 28, 950, '', 'زاهدان', 110, 0, 0),
(1836, 28, 800, '', 'زابل', 110, 1, 0),
(1835, 28, 600, '', 'نهبندان', 110, 1, 0),
(1834, 28, 300, '', 'بیرجند', 110, 1, 0),
(1833, 28, 0, '', 'طبس', 110, 1, 0),
(1832, 27, 1500, '', 'نیکشهر', 95, 0, 0),
(1831, 27, 1350, '', 'راسک', 95, 0, 0),
(1830, 27, 1200, '', 'خاش', 95, 0, 0),
(1829, 27, 1100, '', 'ایرانشهر', 95, 0, 0),
(1828, 27, 950, '', 'محمدآباد', 95, 0, 0),
(1827, 27, 800, '', 'زاهدان', 95, 1, 0),
(1826, 27, 600, '', 'زابل', 95, 0, 0),
(1825, 27, 300, '', 'نهبندان', 95, 0, 0),
(1824, 27, 0, '', 'بیرجند', 95, 0, 0),
(1823, 26, 1500, '', 'چابهار', 95, 0, 0),
(1822, 26, 1350, '', 'نیکشهر', 95, 0, 0),
(1821, 26, 1200, '', 'راسک', 95, 0, 0),
(1820, 26, 1100, '', 'زابلی', 95, 1, 0),
(1819, 26, 950, '', 'خاش', 95, 1, 0),
(1818, 26, 800, '', 'ایرانشهر', 95, 1, 0),
(1817, 26, 600, '', 'محمدآباد', 95, 1, 0),
(1816, 26, 300, '', 'زاهدان', 95, 1, 0),
(1815, 26, 0, '', 'زابل', 95, 0, 0),
(1814, 25, 1500, '', 'نیشابور', 95, 1, 0),
(1813, 25, 1350, '', 'کاشمر', 95, 1, 0),
(1812, 25, 1200, '', 'فردوس', 95, 1, 0),
(1811, 25, 1100, '', 'دیهوک', 95, 0, 0),
(1810, 25, 950, '', 'راور', 95, 0, 0),
(1809, 25, 800, '', 'کرمان', 95, 1, 0),
(1808, 25, 600, '', 'بافت', 95, 1, 0),
(1807, 25, 300, '', 'جیرفت', 95, 0, 0),
(1806, 25, 0, '', 'بم', 95, 0, 0),
(1805, 24, 800, '', 'نیشابور', 80, 1, 0),
(1804, 24, 750, '', 'کاشمر', 80, 1, 0),
(1803, 24, 650, '', 'فردوس', 80, 1, 0),
(1802, 24, 550, '', 'دیهوک', 80, 0, 0),
(1801, 24, 450, '', 'راور', 80, 0, 0),
(1800, 24, 300, '', 'بافت', 80, 1, 0),
(1799, 24, 0, '', 'کرمان', 80, 0, 0),
(1798, 23, 800, '', 'فردوس', 80, 0, 0),
(1797, 23, 750, '', 'کاشمر', 80, 0, 0),
(1796, 23, 650, '', 'دیهوک', 80, 0, 0),
(1795, 23, 550, '', 'راور', 80, 1, 0),
(1794, 23, 450, '', 'کرمان', 80, 1, 0),
(1793, 23, 300, '', 'بافت', 80, 0, 0),
(1792, 23, 0, '', 'جیرفت', 80, 1, 0),
(1791, 22, 800, '', 'اردکان', 80, 0, 0),
(1790, 22, 750, '', 'خوانق', 80, 0, 0),
(1789, 22, 650, '', 'خور', 80, 0, 0),
(1788, 22, 550, '', 'انارک', 80, 1, 0),
(1787, 22, 450, '', 'نایین', 80, 1, 0),
(1786, 22, 300, '', 'بادرود', 80, 0, 0),
(1785, 22, 0, '', 'دلیجان', 80, 0, 0),
(1784, 21, 2000, '', 'سقز', 80, 4, 0),
(1783, 21, 1900, '', 'ارومیه', 80, 2, 0),
(1782, 21, 1750, '', 'سلماس', 80, 3, 0),
(1781, 21, 1600, '', 'تبریز', 80, 3, 0),
(1780, 21, 1450, '', 'سراب', 80, 3, 0),
(1779, 21, 1300, '', 'خلخال', 80, 2, 0),
(1778, 21, 1100, '', 'لوشان', 80, 2, 0),
(1777, 21, 950, '', 'رامسر', 80, 3, 0),
(1776, 21, 800, '', 'نور', 80, 3, 0),
(1775, 21, 600, '', 'ساری', 80, 2, 0),
(1774, 21, 300, '', 'گرگان', 80, 4, 0),
(1773, 21, 0, '', 'شاهرود', 80, 2, 0),
(1772, 20, 1500, '', 'سقز', 70, 2, 0),
(1771, 20, 1350, '', 'ارومیه', 70, 4, 0),
(1770, 20, 1200, '', 'سلماس', 70, 3, 0),
(1769, 20, 1100, '', 'تبریز', 70, 2, 0),
(1768, 20, 950, '', 'سراب', 70, 3, 0),
(1767, 20, 800, '', 'خلخال', 70, 4, 0),
(1766, 20, 600, '', 'لوشان', 70, 4, 0),
(1765, 20, 300, '', 'رامسر', 70, 4, 0),
(1764, 20, 0, '', 'نور', 70, 3, 0),
(1763, 19, 1500, '', 'ارومیه', 70, 3, 0),
(1762, 19, 1350, '', 'سلماس', 70, 4, 0),
(1761, 19, 1200, '', 'تبریز', 70, 3, 0),
(1760, 19, 1100, '', 'سراب', 70, 4, 0),
(1759, 19, 950, '', 'خلخال', 70, 3, 0),
(1758, 19, 800, '', 'لوشان', 70, 4, 0),
(1757, 19, 600, '', 'رامسر', 70, 3, 0),
(1756, 19, 300, '', 'نور', 70, 3, 0),
(1755, 19, 0, '', 'ساری', 70, 3, 0),
(1754, 18, 1500, '', 'رودبار', 70, 4, 0),
(1753, 18, 1350, '', 'صومعه سرا', 70, 2, 0),
(1752, 18, 1200, '', 'لنگرود', 70, 2, 0),
(1751, 18, 1100, '', 'تنکابن', 70, 2, 0),
(1750, 18, 950, '', 'کلاردشت', 70, 4, 0),
(1749, 18, 800, '', 'نوشهر', 70, 3, 0),
(1748, 18, 600, '', 'بابلسر', 70, 4, 0),
(1747, 18, 300, '', 'بندرترکمن', 70, 4, 0),
(1746, 18, 0, '', 'گنبدکاووس', 70, 3, 0),
(1745, 17, 800, '', 'سراب', 60, 4, 0),
(1744, 17, 750, '', 'خلخال', 60, 2, 0),
(1743, 17, 650, '', 'لوشان', 60, 2, 0),
(1742, 17, 550, '', 'رامسر', 60, 4, 0),
(1741, 17, 450, '', 'نور', 60, 3, 0),
(1740, 17, 300, '', 'ساری', 60, 3, 0),
(1739, 17, 0, '', 'گرگان', 60, 3, 0),
(1738, 16, 800, '', 'لنگرود', 60, 2, 0),
(1737, 16, 750, '', 'تنکابن', 60, 2, 0),
(1736, 16, 650, '', 'کلاردشت', 60, 2, 0),
(1735, 16, 550, '', 'نوشهر', 60, 4, 0),
(1734, 16, 450, '', 'رامسر', 60, 2, 0),
(1733, 16, 300, '', 'نور', 60, 2, 0),
(1732, 16, 0, '', 'بابلسر', 60, 3, 0),
(1731, 15, 800, '', 'اردبیل', 60, 2, 0),
(1730, 15, 750, '', 'تالش', 60, 4, 0),
(1729, 15, 650, '', 'فومن', 60, 2, 0),
(1728, 15, 550, '', 'رودبار', 60, 3, 0),
(1727, 15, 450, '', 'لاهیجان', 60, 4, 0),
(1726, 15, 300, '', 'بندرانزلی', 60, 2, 0),
(1725, 15, 0, '', 'آستارا', 60, 2, 0),
(1724, 14, 2000, '', 'شلمزار', 80, 1, 0),
(1723, 14, 1900, '', 'چلگرد', 80, 4, 0),
(1722, 14, 1750, '', 'فریدونشهر', 80, 1, 0),
(1721, 14, 1600, '', 'الیگودرز', 80, 3, 0),
(1720, 14, 1450, '', 'دورود', 80, 2, 0),
(1719, 14, 1300, '', 'خرم آباد', 80, 1, 0),
(1718, 14, 1100, '', 'بروجرد', 80, 4, 0),
(1717, 14, 950, '', 'نهاوند', 80, 4, 0),
(1716, 14, 800, '', 'کنگاور', 80, 5, 0),
(1715, 14, 600, '', 'کرمانشاه', 80, 5, 0),
(1714, 14, 300, '', 'سنقر', 80, 2, 0),
(1713, 14, 0, '', 'همدان', 80, 3, 0),
(1712, 13, 1500, '', 'الیگودرز', 70, 5, 0),
(1711, 13, 1350, '', 'فریدونشهر', 70, 5, 0),
(1710, 13, 1200, '', 'چلگرد', 70, 3, 0),
(1709, 13, 1100, '', 'فریدونشهر', 70, 5, 0),
(1708, 13, 950, '', 'الیگودرز', 70, 3, 0),
(1707, 13, 800, '', 'دورود', 70, 2, 0),
(1706, 13, 600, '', 'خرم آباد', 70, 3, 0),
(1705, 13, 300, '', 'بروجرد', 70, 2, 0),
(1704, 13, 0, '', 'نهاوند', 70, 4, 0),
(1703, 12, 1500, '', 'شلمزار', 70, 5, 0),
(1702, 12, 1350, '', 'چلگرد', 70, 4, 0),
(1701, 12, 1200, '', 'فریدونشهر', 70, 4, 0),
(1700, 12, 1100, '', 'الیگودرز', 70, 3, 0),
(1699, 12, 950, '', 'دورود', 70, 4, 0),
(1698, 12, 800, '', 'نهاوند', 70, 2, 0),
(1697, 12, 600, '', 'بروجرد', 70, 2, 0),
(1696, 12, 300, '', 'کنگاور', 70, 1, 0),
(1695, 12, 0, '', 'خرم آباد', 70, 4, 0),
(1694, 11, 1500, '', 'زنجان', 70, 4, 0),
(1693, 11, 1350, '', 'خرمدره', 70, 4, 0),
(1692, 11, 1200, '', 'کوهین', 70, 1, 0),
(1691, 11, 1100, '', 'الوند', 70, 5, 0),
(1690, 11, 950, '', 'طالقان', 70, 2, 0),
(1689, 11, 800, '', 'آسارا', 70, 4, 0),
(1688, 11, 600, '', 'بلده', 70, 5, 0),
(1687, 11, 300, '', 'فیروزکوه', 70, 2, 0),
(1686, 11, 0, '', 'دماوند', 70, 3, 0),
(1685, 10, 800, '', 'خرم آباد', 60, 3, 0),
(1684, 10, 750, '', 'الیگودرز', 60, 3, 0),
(1683, 10, 650, '', 'بروجرد', 60, 1, 0),
(1682, 10, 550, '', 'نهاوند', 60, 1, 0),
(1681, 10, 450, '', 'کنگاور', 60, 2, 0),
(1680, 10, 300, '', 'سنقر', 60, 4, 0),
(1679, 10, 0, '', 'کرمانشاه', 60, 5, 0),
(1678, 9, 800, '', 'طالقان', 60, 2, 0),
(1677, 9, 750, '', 'آسارا', 60, 5, 0),
(1676, 9, 650, '', 'بلده', 60, 2, 0),
(1675, 9, 550, '', 'قزوین', 60, 4, 0),
(1674, 9, 450, '', 'تهران', 60, 3, 0),
(1673, 9, 300, '', 'دماوند', 60, 4, 0),
(1672, 9, 0, '', 'فیروزکوه', 60, 2, 0),
(1671, 8, 800, '', 'میبد', 60, 5, 0),
(1670, 8, 750, '', 'یاسوج', 60, 1, 0),
(1669, 8, 650, '', 'سمیرم', 60, 4, 0),
(1668, 8, 550, '', 'لردگان', 60, 2, 0),
(1667, 8, 450, '', 'بروجن', 60, 1, 0),
(1666, 8, 300, '', 'اردل', 60, 1, 0),
(1665, 8, 0, '', 'شهرکرد', 60, 2, 0),
(1664, 7, 2000, '', 'تهران', 100, 1, 0),
(1663, 7, 1900, '', 'قزوین', 100, 2, 0),
(1662, 7, 1750, '', 'اراک', 100, 3, 0),
(1661, 7, 1600, '', 'گلپایگان', 100, 2, 0),
(1660, 7, 1450, '', 'اصفهان', 100, 4, 0),
(1659, 7, 1300, '', 'کاشان', 100, 3, 0),
(1658, 7, 1100, '', 'یزد', 100, 2, 0),
(1657, 7, 950, '', 'گناباد', 100, 3, 0),
(1656, 7, 800, '', 'مشهد', 100, 3, 0),
(1655, 7, 600, '', 'شاهرود', 100, 2, 0),
(1654, 7, 300, '', 'سمنان', 100, 2, 0),
(1653, 7, 0, '', 'تهران', 100, 4, 0),
(1652, 6, 1500, '', 'قزوین', 90, 2, 0),
(1651, 6, 1350, '', 'اراک', 90, 3, 0),
(1650, 6, 1200, '', 'زنجان', 90, 0, 0),
(1649, 6, 1100, '', 'گلپایگان', 90, 3, 0),
(1648, 6, 950, '', 'سمنان', 90, 1, 0),
(1647, 6, 800, '', 'شاهرود', 90, 3, 0),
(1646, 6, 600, '', 'اصفهان', 90, 1, 0),
(1645, 6, 300, '', 'کاشان', 90, 3, 0),
(1644, 6, 0, '', 'یزد', 90, 1, 0),
(1643, 5, 1500, '', 'تهران', 90, 1, 0),
(1642, 5, 1350, '', 'قزوین', 90, 2, 0),
(1641, 5, 1200, '', 'زنجان', 90, 3, 0),
(1640, 5, 1100, '', 'اراک', 90, 0, 0),
(1639, 5, 950, '', 'گلپایگان', 90, 3, 0),
(1638, 5, 800, '', 'سمنان', 90, 3, 0),
(1637, 5, 600, '', 'شاهرود', 90, 2, 0),
(1636, 5, 300, '', 'کاشان', 90, 3, 0),
(1635, 5, 0, '', 'اصفهان', 90, 1, 0),
(1634, 4, 1500, '', 'کازرون', 90, 1, 0),
(1633, 4, 1350, '', 'بندرگناوه', 90, 2, 0),
(1632, 4, 1200, '', 'امیدیه', 90, 1, 0),
(1631, 4, 1100, '', 'آبادان', 90, 1, 0),
(1630, 4, 950, '', 'اهواز', 90, 2, 0),
(1629, 4, 800, '', 'دزفول', 90, 0, 0),
(1628, 4, 600, '', 'دهلران', 90, 0, 0),
(1627, 4, 300, '', 'ایلام', 90, 2, 0),
(1626, 4, 0, '', 'مریوان', 90, 3, 0),
(1625, 3, 800, '', 'مشهد', 80, 0, 0),
(1624, 3, 750, '', 'شاهرود', 80, 3, 0),
(1623, 3, 650, '', 'سمنان', 80, 3, 0),
(1622, 3, 550, '', 'اراک', 80, 1, 0),
(1621, 3, 450, '', 'گلپایگان', 80, 3, 0),
(1620, 3, 300, '', 'قزوین', 80, 1, 0),
(1619, 3, 0, '', 'تهران', 80, 3, 0),
(1618, 2, 800, '', 'امیدیه', 80, 3, 0),
(1617, 2, 750, '', 'آبادان', 80, 2, 0),
(1616, 2, 650, '', 'اهواز', 80, 2, 0),
(1615, 2, 550, '', 'دزفول', 80, 3, 0),
(1614, 2, 450, '', 'دهلران', 80, 3, 0),
(1613, 2, 300, '', 'مریوان', 80, 1, 0),
(1612, 2, 0, '', 'ایلام', 80, 3, 0),
(1611, 1, 800, '', 'بوشهر', 80, 0, 0),
(1610, 1, 750, '', 'برازجان', 80, 0, 0),
(1609, 1, 650, '', 'بندردیر', 80, 1, 0),
(1608, 1, 550, '', 'خنج', 80, 2, 0),
(1607, 1, 450, '', 'لار', 80, 2, 0),
(1606, 1, 300, '', 'بندرخمیر', 80, 3, 0),
(1605, 1, 0, '', 'بندرعباس', 80, 2, 0),
(2063, 54, 1500, '', 'چابهار', 95, 0, 0),
(2064, 55, 0, '', 'بیرجند', 95, 1, 0),
(2065, 55, 300, '', 'نهبندان', 95, 0, 0),
(2066, 55, 600, '', 'زابل', 95, 1, 0),
(2067, 55, 800, '', 'زاهدان', 95, 0, 0),
(2068, 55, 950, '', 'محمدآباد', 95, 1, 0),
(2069, 55, 1100, '', 'ایرانشهر', 95, 1, 0),
(2070, 55, 1200, '', 'خاش', 95, 0, 0),
(2071, 55, 1350, '', 'راسک', 95, 1, 0),
(2072, 55, 1500, '', 'نیکشهر', 95, 1, 0),
(2073, 56, 0, '', 'طبس', 110, 1, 0),
(2074, 56, 300, '', 'بیرجند', 110, 1, 0),
(2075, 56, 600, '', 'نهبندان', 110, 0, 0),
(2076, 56, 800, '', 'زابل', 110, 0, 0),
(2077, 56, 950, '', 'زاهدان', 110, 1, 0),
(2078, 56, 1100, '', 'محمدآباد', 110, 1, 0),
(2079, 56, 1300, '', 'ایرانشهر', 110, 0, 0),
(2080, 56, 1450, '', 'خاش', 110, 0, 0),
(2081, 56, 1600, '', 'زابلی', 110, 1, 0),
(2082, 56, 1750, '', 'راسک', 110, 0, 0),
(2083, 56, 1900, '', 'نیکشهر', 110, 1, 0),
(2084, 56, 2000, '', 'چابهار', 110, 1, 0);

-- --------------------------------------------------------

--
-- Table structure for table `diaries`
--

CREATE TABLE IF NOT EXISTS `diaries` (
  `id` int(10) unsigned NOT NULL AUTO_INCREMENT,
  `driver` int(10) unsigned NOT NULL,
  `title` varchar(250) NOT NULL,
  `body` text NOT NULL,
  `date` datetime NOT NULL,
  PRIMARY KEY (`id`)
) ENGINE=InnoDB  DEFAULT CHARSET=utf8 AUTO_INCREMENT=5 ;

--
-- Dumping data for table `diaries`
--

INSERT INTO `diaries` (`id`, `driver`, `title`, `body`, `date`) VALUES
(3, 27, 'سلام', 'من یک تست هستم', '2009-12-30 07:13:59'),
(4, 24, 'یک سفر خوب', 'چه سفر خوبی. من امروز در وسط جنگل دارم کیف می کنم...', '2010-01-04 13:33:21');

-- --------------------------------------------------------

--
-- Table structure for table `diary_comments`
--

CREATE TABLE IF NOT EXISTS `diary_comments` (
  `id` int(10) unsigned NOT NULL AUTO_INCREMENT,
  `driver` int(10) unsigned NOT NULL,
  `diary` int(10) unsigned NOT NULL,
  `comment` text NOT NULL,
  `date` datetime NOT NULL,
  `status` tinyint(1) unsigned zerofill NOT NULL,
  PRIMARY KEY (`id`)
) ENGINE=InnoDB DEFAULT CHARSET=utf8 AUTO_INCREMENT=1 ;

--
-- Dumping data for table `diary_comments`
--


-- --------------------------------------------------------

--
-- Table structure for table `diary_votes`
--

CREATE TABLE IF NOT EXISTS `diary_votes` (
  `id` int(10) unsigned NOT NULL AUTO_INCREMENT,
  `diary` int(10) unsigned NOT NULL,
  `driver` int(10) unsigned NOT NULL,
  `type` tinyint(1) unsigned NOT NULL,
  `date` datetime NOT NULL,
  PRIMARY KEY (`id`)
) ENGINE=InnoDB  DEFAULT CHARSET=latin1 AUTO_INCREMENT=21 ;

--
-- Dumping data for table `diary_votes`
--

INSERT INTO `diary_votes` (`id`, `diary`, `driver`, `type`, `date`) VALUES
(19, 24, 1, 1, '2009-12-23 15:09:05'),
(20, 3, 17, 1, '2009-12-30 07:15:48');

-- --------------------------------------------------------

--
-- Table structure for table `final_standing`
--

CREATE TABLE IF NOT EXISTS `final_standing` (
  `id` int(10) unsigned NOT NULL AUTO_INCREMENT,
  `driver` int(10) unsigned NOT NULL,
  `race` int(10) unsigned NOT NULL,
  `final_time` int(10) unsigned NOT NULL,
  `rank` int(10) unsigned NOT NULL,
  `rank_status` tinyint(1) unsigned zerofill NOT NULL,
  `race_type` int(10) unsigned NOT NULL,
  `date` datetime NOT NULL,
  PRIMARY KEY (`id`)
) ENGINE=InnoDB  DEFAULT CHARSET=latin1 ROW_FORMAT=DYNAMIC AUTO_INCREMENT=14 ;

--
-- Dumping data for table `final_standing`
--

INSERT INTO `final_standing` (`id`, `driver`, `race`, `final_time`, `rank`, `rank_status`, `race_type`, `date`) VALUES
(1, 17, 4, 323, 2, 0, 0, '0000-00-00 00:00:00'),
(2, 17, 4, 327773, 0, 0, 121, '2009-12-13 06:48:07'),
(3, 1, 10, 1533139, 0, 0, 213, '2009-12-19 09:40:01'),
(4, 24, 9, 415149, 0, 0, 212, '2009-12-19 10:02:48'),
(5, 17, 26, 370265, 0, 0, 422, '2009-12-19 14:21:32'),
(6, 24, 1, 76575, 0, 0, 111, '2009-12-20 07:19:43'),
(7, 17, 15, 74055, 0, 0, 311, '2009-12-20 10:55:57'),
(8, 17, 18, 179313, 0, 0, 321, '2009-12-22 12:44:34'),
(9, 1, 28, 76605, 0, 0, 431, '2010-01-18 09:03:28'),
(10, 1, 28, 91622, 0, 0, 431, '2010-01-18 13:13:45'),
(11, 17, 28, 254310, 0, 0, 431, '2010-01-19 10:17:03'),
(12, 24, 15, 232652, 0, 0, 311, '2010-01-20 07:26:17'),
(13, 1, 6, 65405, 0, 0, 123, '2010-01-20 07:52:49');

-- --------------------------------------------------------

--
-- Table structure for table `invitations`
--

CREATE TABLE IF NOT EXISTS `invitations` (
  `id` int(10) unsigned NOT NULL AUTO_INCREMENT,
  `driver` int(10) unsigned NOT NULL,
  `friend_email` varchar(100) NOT NULL,
  `status` tinyint(1) unsigned zerofill NOT NULL,
  `hash` varchar(45) NOT NULL,
  `date_invited` datetime NOT NULL,
  `date_answered` datetime NOT NULL,
  PRIMARY KEY (`id`)
) ENGINE=InnoDB  DEFAULT CHARSET=utf8 AUTO_INCREMENT=2 ;

--
-- Dumping data for table `invitations`
--

INSERT INTO `invitations` (`id`, `driver`, `friend_email`, `status`, `hash`, `date_invited`, `date_answered`) VALUES
(1, 17, 'de@dew.com', 0, '4c5638f36b48e6e8209bc3821bd93c79', '2009-12-19 14:15:56', '0000-00-00 00:00:00');

-- --------------------------------------------------------

--
-- Table structure for table `messages`
--

CREATE TABLE IF NOT EXISTS `messages` (
  `id` int(10) unsigned NOT NULL AUTO_INCREMENT,
  `from` int(10) unsigned NOT NULL,
  `to` int(10) unsigned NOT NULL,
  `date` timestamp NOT NULL DEFAULT CURRENT_TIMESTAMP ON UPDATE CURRENT_TIMESTAMP,
  `ip` varchar(45) NOT NULL,
  `status` tinyint(1) unsigned NOT NULL DEFAULT '1' COMMENT '1:ok, 2:deleted',
  `message` text NOT NULL,
  `checked` tinyint(1) unsigned NOT NULL,
  `title` varchar(250) NOT NULL,
  PRIMARY KEY (`id`)
) ENGINE=MyISAM  DEFAULT CHARSET=utf8 AUTO_INCREMENT=100 ;

--
-- Dumping data for table `messages`
--

INSERT INTO `messages` (`id`, `from`, `to`, `date`, `ip`, `status`, `message`, `checked`, `title`) VALUES
(21, 17, 18, '2009-12-02 16:22:22', '192.168.1.222', 1, 'سلام سلام!', 0, 'پیام از طرف فواد'),
(22, 17, 18, '2009-12-05 09:08:28', '192.168.1.222', 1, 'در صورت تمایل,\r\n	<a href=''http://192.168.1.3/renault/gateway/accept_friend/17/''>\r\n	تایید کن!\r\n	</a>', 0, 'تقاضای دوستی از طرف فواد'),
(23, 1, 21, '2009-12-05 16:09:45', '192.168.1.222', 1, 'خب! حالا توی رالی رنو ثبت نام کردی و آماده ی مسابقه دادن شدی.<BR /><BR />\r\n	در این بازی باید ابتدا توی مسیرهای کوتاه تر شرکت کنی و با جواب دادن یه سری سوال ها, امتیازت رو بالا ببری.<BR />\r\n	همین طور که امتیازت بالاتر می ره و مقام های بیشتری کسب می کنی, مسیرهای طولانی تر و سخت تری برات باز می شن و می تونی کارای بیشتری انجام بدی. حتی با کسب امتیازهای لازم, می تونی ماشین های خفن تری بخری یا بیشتر به ماشینت برسی.<BR /><BR />\r\n	حالا اگه آماده ای, با رفتن به\r\n	<a href=''" . base_url() . "rally/''>\r\n	صفحه ی بازی\r\n	</a>\r\n	, یه مسیر رو انتخاب کن و توی اون مسیر با بقیه مسابقه بده.<BR /><BR />\r\n	اگه می خوای بیشتر راجع به نحوه ی بازی بدونی, به\r\n	<a href=''" . base_url() . "how_to_play/''>\r\n	صفحه ی شیوه ی بازی\r\n	</a>\r\n	هم یه سری بزن.', 1, 'به رالی رنو خوش اومدی!'),
(25, 1, 22, '2009-12-13 06:56:07', '192.168.1.222', 1, 'خب! حالا توی رالی رنو ثبت نام کردی و آماده ی مسابقه دادن شدی.<BR /><BR />\r\n	در این بازی باید ابتدا توی مسیرهای کوتاه تر شرکت کنی و با جواب دادن یه سری سوال ها, امتیازت رو بالا ببری.<BR />\r\n	همین طور که امتیازت بالاتر می ره و مقام های بیشتری کسب می کنی, مسیرهای طولانی تر و سخت تری برات باز می شن و می تونی کارای بیشتری انجام بدی. حتی با کسب امتیازهای لازم, می تونی ماشین های خفن تری بخری یا بیشتر به ماشینت برسی.<BR /><BR />\r\n	حالا اگه آماده ای, با رفتن به\r\n	<a href=''http://192.168.1.3/renault/rally/''>\r\n	صفحه ی بازی\r\n	</a>\r\n	, یه مسیر رو انتخاب کن و توی اون مسیر با بقیه مسابقه بده.<BR /><BR />\r\n	اگه می خوای بیشتر راجع به نحوه ی بازی بدونی, به\r\n	<a href=''http://192.168.1.3/renault/how_to_play/''>\r\n	صفحه ی شیوه ی بازی\r\n	</a>\r\n	هم یه سری بزن.', 0, 'به رالی رنو خوش اومدی!'),
(26, 1, 23, '2009-12-13 07:01:50', '192.168.1.222', 1, 'خب! حالا توی رالی رنو ثبت نام کردی و آماده ی مسابقه دادن شدی.<BR /><BR />\r\n	در این بازی باید ابتدا توی مسیرهای کوتاه تر شرکت کنی و با جواب دادن یه سری سوال ها, امتیازت رو بالا ببری.<BR />\r\n	همین طور که امتیازت بالاتر می ره و مقام های بیشتری کسب می کنی, مسیرهای طولانی تر و سخت تری برات باز می شن و می تونی کارای بیشتری انجام بدی. حتی با کسب امتیازهای لازم, می تونی ماشین های خفن تری بخری یا بیشتر به ماشینت برسی.<BR /><BR />\r\n	حالا اگه آماده ای, با رفتن به\r\n	<a href=''http://192.168.1.3/renault/rally/''>\r\n	صفحه ی بازی\r\n	</a>\r\n	, یه مسیر رو انتخاب کن و توی اون مسیر با بقیه مسابقه بده.<BR /><BR />\r\n	اگه می خوای بیشتر راجع به نحوه ی بازی بدونی, به\r\n	<a href=''http://192.168.1.3/renault/how_to_play/''>\r\n	صفحه ی شیوه ی بازی\r\n	</a>\r\n	هم یه سری بزن.', 0, 'به رالی رنو خوش اومدی!'),
(28, 1, 24, '2009-12-14 18:10:18', '192.168.1.21', 1, 'خب! حالا توی رالی رنو ثبت نام کردی و آماده ی مسابقه دادن شدی.<BR /><BR />\r\n	در این بازی باید ابتدا توی مسیرهای کوتاه تر شرکت کنی و با جواب دادن یه سری سوال ها, امتیازت رو بالا ببری.<BR />\r\n	همین طور که امتیازت بالاتر می ره و مقام های بیشتری کسب می کنی, مسیرهای طولانی تر و سخت تری برات باز می شن و می تونی کارای بیشتری انجام بدی. حتی با کسب امتیازهای لازم, می تونی ماشین های خفن تری بخری یا بیشتر به ماشینت برسی.<BR /><BR />\r\n	حالا اگه آماده ای, با رفتن به\r\n	<a href=''http://192.168.1.3/renault/rally/''>\r\n	صفحه ی بازی\r\n	</a>\r\n	, یه مسیر رو انتخاب کن و توی اون مسیر با بقیه مسابقه بده.<BR /><BR />\r\n	اگه می خوای بیشتر راجع به نحوه ی بازی بدونی, به\r\n	<a href=''http://192.168.1.3/renault/how_to_play/''>\r\n	صفحه ی شیوه ی بازی\r\n	</a>\r\n	هم یه سری بزن.', 1, 'به رالی رنو خوش اومدی!'),
(29, 17, 24, '2009-12-14 18:16:56', '192.168.1.222', 1, 'در صورت تمایل,\r\n	<a href=''http://192.168.1.3/renault/gateway/accept_friend/17/''>\r\n	تایید کن!\r\n	</a>', 1, 'تقاضای دوستی از طرف فواد'),
(30, 1, 25, '2009-12-20 16:21:46', '192.168.1.222', 1, 'خب! حالا توی رالی رنو ثبت نام کردی و آماده ی مسابقه دادن شدی.<BR /><BR />\r\n	در این بازی باید ابتدا توی مسیرهای کوتاه تر شرکت کنی و با جواب دادن یه سری سوال ها, امتیازت رو بالا ببری.<BR />\r\n	همین طور که امتیازت بالاتر می ره و مقام های بیشتری کسب می کنی, مسیرهای طولانی تر و سخت تری برات باز می شن و می تونی کارای بیشتری انجام بدی. حتی با کسب امتیازهای لازم, می تونی ماشین های خفن تری بخری یا بیشتر به ماشینت برسی.<BR /><BR />\r\n	حالا اگه آماده ای, با رفتن به\r\n	<a href=''http://192.168.1.3/renault/rally/''>\r\n	صفحه ی بازی\r\n	</a>\r\n	, یه مسیر رو انتخاب کن و توی اون مسیر با بقیه مسابقه بده.<BR /><BR />\r\n	اگه می خوای بیشتر راجع به نحوه ی بازی بدونی, به\r\n	<a href=''http://192.168.1.3/renault/how_to_play/''>\r\n	صفحه ی شیوه ی بازی\r\n	</a>\r\n	هم یه سری بزن.', 1, 'به رالی رنو خوش اومدی!'),
(56, 1, 24, '2010-01-04 17:03:58', '192.168.1.21', 1, 'برای طی کردن مسیر حداکثر &#1783;&#1778; ساعت فرصت داری که نتونستی توی این زمان مسیر رو تموم کنی.<BR /><BR />امیدوارم دفعه ی بعد موفق باشی!<BR /><BR />\r\n	برای مشاهده ی رتبه ی سایر راننده ها در این مسیر می تونی به\r\n	<a href=''http://192.168.1.3/renault/drivers_list/race/0/16/''>\r\n	صفحه ی رتبه های مسیر بابلسر-لنگرود\r\n	</a>\r\n	مراجعه کنی.\r\n	', 1, 'متاسفانه مسیر بابلسر-لنگرود رو تموم نکردی!'),
(49, 1, 26, '2009-12-20 13:05:29', '192.168.1.222', 1, 'خب! حالا توی رالی رنو ثبت نام کردی و آماده ی مسابقه دادن شدی.<BR /><BR />\r\n	در این بازی باید ابتدا توی مسیرهای کوتاه تر شرکت کنی و با جواب دادن یه سری سوال ها, امتیازت رو بالا ببری.<BR />\r\n	همین طور که امتیازت بالاتر می ره و مقام های بیشتری کسب می کنی, مسیرهای طولانی تر و سخت تری برات باز می شن و می تونی کارای بیشتری انجام بدی. حتی با کسب امتیازهای لازم, می تونی ماشین های خفن تری بخری یا بیشتر به ماشینت برسی.<BR /><BR />\r\n	حالا اگه آماده ای, با رفتن به\r\n	<a href=''http://192.168.1.3/renault/rally/''>\r\n	صفحه ی بازی\r\n	</a>\r\n	, یه مسیر رو انتخاب کن و توی اون مسیر با بقیه مسابقه بده.<BR /><BR />\r\n	اگه می خوای بیشتر راجع به نحوه ی بازی بدونی, به\r\n	<a href=''http://192.168.1.3/renault/how_to_play/''>\r\n	صفحه ی شیوه ی بازی\r\n	</a>\r\n	هم یه سری بزن.', 0, 'به رالی رنو خوش اومدی!'),
(78, 17, 1, '2010-01-20 08:57:50', '192.168.1.222', 1, '<a href=''http://192.168.1.3/renault/profile/driver/17''>فواد امیری</a> باهات کل انداخته! تا &#1777;&#1784;:&#1781;&#1783;, &#1779;&#1776; دی وقت داری که بری توی بخش بازی و کلش رو بخوابونی!<BR />برای این کار روی دکمه ی کل کل کلیک کن و به سوال جواب بده! اگه درست جواب بدی 5 کیلومتر از سرعت اون کم می شه و به سرعت تو اضافه می شه ولی اگه غلط جواب بدی برعکسش اتفاق میفته!<BR />می تونی تا قبل از پایان زمان هر موقع که خواستی کل کل رو لغو کنی و هیچ امتیاز منفی نگیری ولی اگه به سوال تا اتمام زمان جواب ندی مثل جواب منفی به سوال تلقی می شه!', 0, 'توی مسیر باهات کل کل کرده!'),
(52, 1, 27, '2009-12-23 18:59:08', '192.168.1.222', 1, 'خب! حالا توی رالی رنو ثبت نام کردی و آماده ی مسابقه دادن شدی.<BR /><BR />\r\n	در این بازی باید ابتدا توی مسیرهای کوتاه تر شرکت کنی و با جواب دادن یه سری سوال ها, امتیازت رو بالا ببری.<BR />\r\n	همین طور که امتیازت بالاتر می ره و مقام های بیشتری کسب می کنی, مسیرهای طولانی تر و سخت تری برات باز می شن و می تونی کارای بیشتری انجام بدی. حتی با کسب امتیازهای لازم, می تونی ماشین های خفن تری بخری یا بیشتر به ماشینت برسی.<BR /><BR />\r\n	حالا اگه آماده ای, با رفتن به\r\n	<a href=''http://192.168.1.3/renault/rally/''>\r\n	صفحه ی بازی\r\n	</a>\r\n	, یه مسیر رو انتخاب کن و توی اون مسیر با بقیه مسابقه بده.<BR /><BR />\r\n	اگه می خوای بیشتر راجع به نحوه ی بازی بدونی, به\r\n	<a href=''http://192.168.1.3/renault/how_to_play/''>\r\n	صفحه ی شیوه ی بازی\r\n	</a>\r\n	هم یه سری بزن.', 1, 'به رالی رنو خوش اومدی!'),
(55, 1, 27, '2009-12-30 10:56:04', '192.168.1.2', 1, 'برای طی کردن مسیر حداکثر &#1783;&#1778; ساعت فرصت داری که نتونستی توی این زمان مسیر رو تموم کنی.<BR /><BR />امیدوارم دفعه ی بعد موفق باشی!<BR /><BR />\r\n	برای مشاهده ی رتبه ی سایر راننده ها در این مسیر می تونی به\r\n	<a href=''http://192.168.1.3/renault/drivers_list/race/0/16/''>\r\n	صفحه ی رتبه های مسیر بابلسر-لنگرود\r\n	</a>\r\n	مراجعه کنی.\r\n	', 1, 'متاسفانه مسیر بابلسر-لنگرود رو تموم نکردی!'),
(99, 1, 17, '2010-01-23 07:30:27', '192.168.1.66', 1, 'برای طی کردن مسیر حداکثر &#1783;&#1778; ساعت فرصت داری که نتونستی توی این زمان مسیر رو تموم کنی.<BR /><BR />امیدوارم دفعه ی بعد موفق باشی!<BR /><BR />\r\n	برای مشاهده ی رتبه ی سایر راننده ها در این مسیر می تونی به\r\n	<a href=''http://192.168.1.3/renault/drivers_list/race/0/6/''>\r\n	صفحه ی رتبه های مسیر یزد-قزوین\r\n	</a>\r\n	مراجعه کنی.\r\n	', 0, 'متاسفانه مسیر یزد-قزوین رو تموم نکردی!'),
(79, 17, 1, '2010-01-20 08:59:08', '192.168.1.222', 1, '<a href=''http://192.168.1.3/renault/profile/driver/17''>فواد امیری</a> باهات کل انداخته! تا &#1777;&#1784;:&#1781;&#1785;, &#1779;&#1776; دی وقت داری که بری توی بخش بازی و کلش رو بخوابونی!<BR />برای این کار روی دکمه ی کل کل کلیک کن و به سوال جواب بده! اگه درست جواب بدی 5 کیلومتر از سرعت اون کم می شه و به سرعت تو اضافه می شه ولی اگه غلط جواب بدی برعکسش اتفاق میفته!<BR />می تونی تا قبل از پایان زمان هر موقع که خواستی کل کل رو لغو کنی و هیچ امتیاز منفی نگیری ولی اگه به سوال تا اتمام زمان جواب ندی مثل جواب منفی به سوال تلقی می شه!', 0, 'توی مسیر باهات کل کل کرده!'),
(80, 17, 1, '2010-01-20 09:00:55', '192.168.1.222', 1, '<a href=''http://192.168.1.3/renault/profile/driver/17''>فواد امیری</a> باهات کل انداخته! تا &#1777;&#1785;:&#1776;&#1776;, &#1779;&#1776; دی وقت داری که بری توی بخش بازی و کلش رو بخوابونی!<BR />برای این کار روی دکمه ی کل کل کلیک کن و به سوال جواب بده! اگه درست جواب بدی 5 کیلومتر از سرعت اون کم می شه و به سرعت تو اضافه می شه ولی اگه غلط جواب بدی برعکسش اتفاق میفته!<BR />می تونی تا قبل از پایان زمان هر موقع که خواستی کل کل رو لغو کنی و هیچ امتیاز منفی نگیری ولی اگه به سوال تا اتمام زمان جواب ندی مثل جواب منفی به سوال تلقی می شه!', 0, 'توی مسیر باهات کل کل کرده!'),
(81, 17, 1, '2010-01-20 09:23:00', '192.168.1.222', 1, '<a href=''http://192.168.1.3/renault/profile/driver/17''>فواد امیری</a> باهات کل انداخته! تا &#1777;&#1785;:&#1778;&#1779;, &#1779;&#1776; دی وقت داری که بری توی بخش بازی و کلش رو بخوابونی!<BR />برای این کار روی دکمه ی کل کل کلیک کن و به سوال جواب بده! اگه درست جواب بدی 5 کیلومتر از سرعت اون کم می شه و به سرعت تو اضافه می شه ولی اگه غلط جواب بدی برعکسش اتفاق میفته!<BR />می تونی تا قبل از پایان زمان هر موقع که خواستی کل کل رو لغو کنی و هیچ امتیاز منفی نگیری ولی اگه به سوال تا اتمام زمان جواب ندی مثل جواب منفی به سوال تلقی می شه!', 0, 'توی مسیر باهات کل کل کرده!'),
(98, 1, 30, '2010-01-20 13:02:33', '192.168.1.222', 1, 'خب! حالا توی رالی رنو ثبت نام کردی و آماده ی مسابقه دادن شدی.<BR /><BR />\r\n	در این بازی باید ابتدا توی مسیرهای کوتاه تر شرکت کنی و با جواب دادن یه سری سوال ها, امتیازت رو بالا ببری.<BR />\r\n	همین طور که امتیازت بالاتر می ره و مقام های بیشتری کسب می کنی, مسیرهای طولانی تر و سخت تری برات باز می شن و می تونی کارای بیشتری انجام بدی. حتی با کسب امتیازهای لازم, می تونی ماشین های خفن تری بخری یا بیشتر به ماشینت برسی.<BR /><BR />\r\n	حالا اگه آماده ای, با رفتن به\r\n	<a href=''http://192.168.1.3/renault/rally/''>\r\n	صفحه ی بازی\r\n	</a>\r\n	, یه مسیر رو انتخاب کن و توی اون مسیر با بقیه مسابقه بده.<BR /><BR />\r\n	اگه می خوای بیشتر راجع به نحوه ی بازی بدونی, به\r\n	<a href=''http://192.168.1.3/renault/how_to_play/''>\r\n	صفحه ی شیوه ی بازی\r\n	</a>\r\n	هم یه سری بزن.', 0, 'به رالی رنو خوش اومدی!'),
(77, 17, 1, '2010-01-20 17:07:04', '192.168.1.222', 1, '<a href=''http://192.168.1.3/renault/profile/driver/17''>فواد امیری</a> باهات کل انداخته! تا &#1777;&#1784;:&#1779;&#1782;, &#1779;&#1776; دی وقت داری که بری توی بخش بازی و کلش رو بخوابونی!<BR />برای این کار روی دکمه ی کل کل کلیک کن و به سوال جواب بده! اگه درست جواب بدی 5 کیلومتر از سرعت اون کم می شه و به سرعت تو اضافه می شه ولی اگه غلط جواب بدی برعکسش اتفاق میفته!<BR />می تونی تا قبل از پایان زمان هر موقع که خواستی کل کل رو لغو کنی و هیچ امتیاز منفی نگیری ولی اگه به سوال تا اتمام زمان جواب ندی مثل جواب منفی به سوال تلقی می شه!', 1, 'توی مسیر باهات کل کل کرده!'),
(72, 1, 24, '2010-01-20 07:26:17', '192.168.1.21', 1, 'موفق شدی مسیر آستارا-اردبیل رو در کمتر از &#1782;&#1781; ساعت تموم کنی.<BR /><BR />اگه می خوای ببینی رتبه ی نهاییت چند می شه باید صبر کنی تا این مسیر بسته بشه. این مسیر هم تا یکشنبه ی بعد بسته می شه و مقام ها توش مشخص می شه.<BR /><BR />برای مشاهده ی مقام های فعلی می تونی به\r\n	<a href=''http://192.168.1.3/renault/drivers_list/race/0/15/''>\r\n	صفحه ی رتبه های مسیر آستارا-اردبیل\r\n	</a>\r\n	مراجعه کنی.\r\n	', 0, 'آفرین! مسیر آستارا-اردبیل رو تموم کردی!'),
(74, 1, 1, '2010-01-20 07:52:49', '192.168.1.222', 1, 'موفق شدی مسیر یزد-قزوین رو در کمتر از &#1777;&#1785; ساعت تموم کنی.<BR /><BR />اگه می خوای ببینی رتبه ی نهاییت چند می شه باید صبر کنی تا این مسیر بسته بشه. این مسیر هم تا یکشنبه ی بعد بسته می شه و مقام ها توش مشخص می شه.<BR /><BR />برای مشاهده ی مقام های فعلی می تونی به\r\n	<a href=''http://192.168.1.3/renault/drivers_list/race/0/6/''>\r\n	صفحه ی رتبه های مسیر یزد-قزوین\r\n	</a>\r\n	مراجعه کنی.\r\n	', 0, 'آفرین! مسیر یزد-قزوین رو تموم کردی!'),
(75, 17, 1, '2010-01-20 12:01:42', '192.168.1.222', 1, '<a href=''http://192.168.1.3/renault/profile/driver/17''>فواد امیری</a> باهات کل انداخته! تا &#1777;&#1784;:&#1776;&#1777;, &#1779;&#1776; دی وقت داری که بری توی بخش بازی و کلش رو بخوابونی!<BR />برای این کار روی دکمه ی کل کل کلیک کن و به سوال جواب بده! اگه درست جواب بدی 5 کیلومتر از سرعت اون کم می شه و به سرعت تو اضافه می شه ولی اگه غلط جواب بدی برعکسش اتفاق میفته!<BR />می تونی تا قبل از پایان زمان هر موقع که خواستی کل کل رو لغو کنی و هیچ امتیاز منفی نگیری ولی اگه به سوال تا اتمام زمان جواب ندی مثل جواب منفی به سوال تلقی می شه!', 1, 'توی مسیر باهات کل کل کرده!'),
(82, 17, 1, '2010-01-20 10:11:26', '192.168.1.222', 1, '<a href=''http://192.168.1.3/renault/profile/driver/17''>فواد امیری</a> باهات کل انداخته! تا &#1778;&#1776;:&#1777;&#1777;, &#1779;&#1776; دی وقت داری که بری توی بخش بازی و کلش رو بخوابونی!<BR />برای این کار روی دکمه ی کل کل کلیک کن و به سوال جواب بده! اگه درست جواب بدی 5 کیلومتر از سرعت اون کم می شه و به سرعت تو اضافه می شه ولی اگه غلط جواب بدی برعکسش اتفاق میفته!<BR />می تونی تا قبل از پایان زمان هر موقع که خواستی کل کل رو لغو کنی و هیچ امتیاز منفی نگیری ولی اگه به سوال تا اتمام زمان جواب ندی مثل جواب منفی به سوال تلقی می شه!', 0, 'توی مسیر باهات کل کل کرده!'),
(83, 17, 1, '2010-01-20 10:18:07', '192.168.1.222', 1, '<a href=''http://192.168.1.3/renault/profile/driver/17''>فواد امیری</a> باهات کل انداخته! تا &#1778;&#1776;:&#1777;&#1784;, &#1779;&#1776; دی وقت داری که بری توی بخش بازی و کلش رو بخوابونی!<BR />برای این کار روی دکمه ی کل کل کلیک کن و به سوال جواب بده! اگه درست جواب بدی 5 کیلومتر از سرعت اون کم می شه و به سرعت تو اضافه می شه ولی اگه غلط جواب بدی برعکسش اتفاق میفته!<BR />می تونی تا قبل از پایان زمان هر موقع که خواستی کل کل رو لغو کنی و هیچ امتیاز منفی نگیری ولی اگه به سوال تا اتمام زمان جواب ندی مثل جواب منفی به سوال تلقی می شه!', 0, 'توی مسیر باهات کل کل کرده!'),
(84, 17, 1, '2010-01-20 10:22:49', '192.168.1.222', 1, '<a href=''http://192.168.1.3/renault/profile/driver/17''>فواد امیری</a> باهات کل انداخته! تا &#1778;&#1776;:&#1778;&#1778;, &#1779;&#1776; دی وقت داری که بری توی بخش بازی و کلش رو بخوابونی!<BR />برای این کار روی دکمه ی کل کل کلیک کن و به سوال جواب بده! اگه درست جواب بدی 5 کیلومتر از سرعت اون کم می شه و به سرعت تو اضافه می شه ولی اگه غلط جواب بدی برعکسش اتفاق میفته!<BR />می تونی تا قبل از پایان زمان هر موقع که خواستی کل کل رو لغو کنی و هیچ امتیاز منفی نگیری ولی اگه به سوال تا اتمام زمان جواب ندی مثل جواب منفی به سوال تلقی می شه!', 0, 'توی مسیر باهات کل کل کرده!'),
(85, 17, 1, '2010-01-20 10:23:15', '192.168.1.222', 1, '<a href=''http://192.168.1.3/renault/profile/driver/17''>فواد امیری</a> باهات کل انداخته! تا &#1778;&#1776;:&#1778;&#1779;, &#1779;&#1776; دی وقت داری که بری توی بخش بازی و کلش رو بخوابونی!<BR />برای این کار روی دکمه ی کل کل کلیک کن و به سوال جواب بده! اگه درست جواب بدی 5 کیلومتر از سرعت اون کم می شه و به سرعت تو اضافه می شه ولی اگه غلط جواب بدی برعکسش اتفاق میفته!<BR />می تونی تا قبل از پایان زمان هر موقع که خواستی کل کل رو لغو کنی و هیچ امتیاز منفی نگیری ولی اگه به سوال تا اتمام زمان جواب ندی مثل جواب منفی به سوال تلقی می شه!', 0, 'توی مسیر باهات کل کل کرده!'),
(86, 17, 1, '2010-01-20 10:28:02', '192.168.1.222', 1, '<a href=''http://192.168.1.3/renault/profile/driver/17''>فواد امیری</a> باهات کل انداخته! تا &#1778;&#1776;:&#1778;&#1784;, &#1779;&#1776; دی وقت داری که بری توی بخش بازی و کلش رو بخوابونی!<BR />برای این کار روی دکمه ی کل کل کلیک کن و به سوال جواب بده! اگه درست جواب بدی 5 کیلومتر از سرعت اون کم می شه و به سرعت تو اضافه می شه ولی اگه غلط جواب بدی برعکسش اتفاق میفته!<BR />می تونی تا قبل از پایان زمان هر موقع که خواستی کل کل رو لغو کنی و هیچ امتیاز منفی نگیری ولی اگه به سوال تا اتمام زمان جواب ندی مثل جواب منفی به سوال تلقی می شه!', 0, 'توی مسیر باهات کل کل کرده!'),
(87, 17, 1, '2010-01-20 10:29:34', '192.168.1.222', 1, '<a href=''http://192.168.1.3/renault/profile/driver/17''>فواد امیری</a> باهات کل انداخته! تا &#1778;&#1776;:&#1778;&#1785;, &#1779;&#1776; دی وقت داری که بری توی بخش بازی و کلش رو بخوابونی!<BR />برای این کار روی دکمه ی کل کل کلیک کن و به سوال جواب بده! اگه درست جواب بدی 5 کیلومتر از سرعت اون کم می شه و به سرعت تو اضافه می شه ولی اگه غلط جواب بدی برعکسش اتفاق میفته!<BR />می تونی تا قبل از پایان زمان هر موقع که خواستی کل کل رو لغو کنی و هیچ امتیاز منفی نگیری ولی اگه به سوال تا اتمام زمان جواب ندی مثل جواب منفی به سوال تلقی می شه!', 0, 'توی مسیر باهات کل کل کرده!'),
(88, 17, 1, '2010-01-20 10:38:40', '192.168.1.222', 1, '<a href=''http://192.168.1.3/renault/profile/driver/17''>فواد امیری</a> باهات کل انداخته! تا &#1778;&#1776;:&#1779;&#1784;, &#1779;&#1776; دی وقت داری که بری توی بخش بازی و کلش رو بخوابونی!<BR />برای این کار روی دکمه ی کل کل کلیک کن و به سوال جواب بده! اگه درست جواب بدی 5 کیلومتر از سرعت اون کم می شه و به سرعت تو اضافه می شه ولی اگه غلط جواب بدی برعکسش اتفاق میفته!<BR />می تونی تا قبل از پایان زمان هر موقع که خواستی کل کل رو لغو کنی و هیچ امتیاز منفی نگیری ولی اگه به سوال تا اتمام زمان جواب ندی مثل جواب منفی به سوال تلقی می شه!', 0, 'توی مسیر باهات کل کل کرده!'),
(89, 17, 1, '2010-01-20 10:40:25', '192.168.1.222', 1, '<a href=''http://192.168.1.3/renault/profile/driver/17''>فواد امیری</a> باهات کل انداخته! تا &#1778;&#1776;:&#1780;&#1776;, &#1779;&#1776; دی وقت داری که بری توی بخش بازی و کلش رو بخوابونی!<BR />برای این کار روی دکمه ی کل کل کلیک کن و به سوال جواب بده! اگه درست جواب بدی 5 کیلومتر از سرعت اون کم می شه و به سرعت تو اضافه می شه ولی اگه غلط جواب بدی برعکسش اتفاق میفته!<BR />می تونی تا قبل از پایان زمان هر موقع که خواستی کل کل رو لغو کنی و هیچ امتیاز منفی نگیری ولی اگه به سوال تا اتمام زمان جواب ندی مثل جواب منفی به سوال تلقی می شه!', 0, 'توی مسیر باهات کل کل کرده!'),
(90, 17, 1, '2010-01-20 10:42:36', '192.168.1.222', 1, '<a href=''http://192.168.1.3/renault/profile/driver/17''>فواد امیری</a> باهات کل انداخته! تا &#1778;&#1776;:&#1780;&#1778;, &#1779;&#1776; دی وقت داری که بری توی بخش بازی و کلش رو بخوابونی!<BR />برای این کار روی دکمه ی کل کل کلیک کن و به سوال جواب بده! اگه درست جواب بدی 5 کیلومتر از سرعت اون کم می شه و به سرعت تو اضافه می شه ولی اگه غلط جواب بدی برعکسش اتفاق میفته!<BR />می تونی تا قبل از پایان زمان هر موقع که خواستی کل کل رو لغو کنی و هیچ امتیاز منفی نگیری ولی اگه به سوال تا اتمام زمان جواب ندی مثل جواب منفی به سوال تلقی می شه!', 0, 'توی مسیر باهات کل کل کرده!'),
(91, 17, 1, '2010-01-20 10:44:03', '192.168.1.222', 1, '<a href=''http://192.168.1.3/renault/profile/driver/17''>فواد امیری</a> باهات کل انداخته! تا &#1778;&#1776;:&#1780;&#1780;, &#1779;&#1776; دی وقت داری که بری توی بخش بازی و کلش رو بخوابونی!<BR />برای این کار روی دکمه ی کل کل کلیک کن و به سوال جواب بده! اگه درست جواب بدی 5 کیلومتر از سرعت اون کم می شه و به سرعت تو اضافه می شه ولی اگه غلط جواب بدی برعکسش اتفاق میفته!<BR />می تونی تا قبل از پایان زمان هر موقع که خواستی کل کل رو لغو کنی و هیچ امتیاز منفی نگیری ولی اگه به سوال تا اتمام زمان جواب ندی مثل جواب منفی به سوال تلقی می شه!', 0, 'توی مسیر باهات کل کل کرده!'),
(92, 17, 1, '2010-01-20 10:51:01', '192.168.1.222', 1, '<a href=''http://192.168.1.3/renault/profile/driver/17''>فواد امیری</a> باهات کل انداخته! تا &#1778;&#1776;:&#1781;&#1777;, &#1779;&#1776; دی وقت داری که بری توی بخش بازی و کلش رو بخوابونی!<BR />برای این کار روی دکمه ی کل کل کلیک کن و به سوال جواب بده! اگه درست جواب بدی 5 کیلومتر از سرعت اون کم می شه و به سرعت تو اضافه می شه ولی اگه غلط جواب بدی برعکسش اتفاق میفته!<BR />می تونی تا قبل از پایان زمان هر موقع که خواستی کل کل رو لغو کنی و هیچ امتیاز منفی نگیری ولی اگه به سوال تا اتمام زمان جواب ندی مثل جواب منفی به سوال تلقی می شه!', 0, 'توی مسیر باهات کل کل کرده!'),
(93, 17, 1, '2010-01-20 10:52:14', '192.168.1.222', 1, '<a href=''http://192.168.1.3/renault/profile/driver/17''>فواد امیری</a> باهات کل انداخته! تا &#1778;&#1776;:&#1781;&#1778;, &#1779;&#1776; دی وقت داری که بری توی بخش بازی و کلش رو بخوابونی!<BR />برای این کار روی دکمه ی کل کل کلیک کن و به سوال جواب بده! اگه درست جواب بدی 5 کیلومتر از سرعت اون کم می شه و به سرعت تو اضافه می شه ولی اگه غلط جواب بدی برعکسش اتفاق میفته!<BR />می تونی تا قبل از پایان زمان هر موقع که خواستی کل کل رو لغو کنی و هیچ امتیاز منفی نگیری ولی اگه به سوال تا اتمام زمان جواب ندی مثل جواب منفی به سوال تلقی می شه!', 0, 'توی مسیر باهات کل کل کرده!'),
(95, 17, 1, '2010-01-20 17:06:54', '192.168.1.222', 1, '<a href=''http://192.168.1.3/renault/profile/driver/17''>فواد امیری</a> باهات کل انداخته! تا &#1778;&#1777;:&#1776;&#1776;, &#1779;&#1776; دی وقت داری که بری توی بخش بازی و کلش رو بخوابونی!<BR />برای این کار روی دکمه ی کل کل کلیک کن و به سوال جواب بده! اگه درست جواب بدی 5 کیلومتر از سرعت اون کم می شه و به سرعت تو اضافه می شه ولی اگه غلط جواب بدی برعکسش اتفاق میفته!<BR />می تونی تا قبل از پایان زمان هر موقع که خواستی کل کل رو لغو کنی و هیچ امتیاز منفی نگیری ولی اگه به سوال تا اتمام زمان جواب ندی مثل جواب منفی به سوال تلقی می شه!', 1, 'توی مسیر باهات کل کل کرده!'),
(97, 1, 29, '2010-01-20 13:00:54', '192.168.1.222', 1, 'خب! حالا توی رالی رنو ثبت نام کردی و آماده ی مسابقه دادن شدی.<BR /><BR />\r\n	در این بازی باید ابتدا توی مسیرهای کوتاه تر شرکت کنی و با جواب دادن یه سری سوال ها, امتیازت رو بالا ببری.<BR />\r\n	همین طور که امتیازت بالاتر می ره و مقام های بیشتری کسب می کنی, مسیرهای طولانی تر و سخت تری برات باز می شن و می تونی کارای بیشتری انجام بدی. حتی با کسب امتیازهای لازم, می تونی ماشین های خفن تری بخری یا بیشتر به ماشینت برسی.<BR /><BR />\r\n	حالا اگه آماده ای, با رفتن به\r\n	<a href=''http://192.168.1.3/renault/rally/''>\r\n	صفحه ی بازی\r\n	</a>\r\n	, یه مسیر رو انتخاب کن و توی اون مسیر با بقیه مسابقه بده.<BR /><BR />\r\n	اگه می خوای بیشتر راجع به نحوه ی بازی بدونی, به\r\n	<a href=''http://192.168.1.3/renault/how_to_play/''>\r\n	صفحه ی شیوه ی بازی\r\n	</a>\r\n	هم یه سری بزن.', 0, 'به رالی رنو خوش اومدی!');

-- --------------------------------------------------------

--
-- Table structure for table `questions`
--

CREATE TABLE IF NOT EXISTS `questions` (
  `id` int(10) unsigned NOT NULL AUTO_INCREMENT,
  `race` int(10) unsigned DEFAULT '0',
  `checkpoint` int(10) unsigned DEFAULT '0',
  `driver` int(10) unsigned NOT NULL,
  `date_asked` datetime NOT NULL,
  `answer` tinyint(1) unsigned zerofill NOT NULL,
  `alert` int(10) unsigned NOT NULL,
  `date_answered` datetime NOT NULL,
  PRIMARY KEY (`id`)
) ENGINE=InnoDB  DEFAULT CHARSET=utf8 ROW_FORMAT=DYNAMIC AUTO_INCREMENT=275 ;

--
-- Dumping data for table `questions`
--

INSERT INTO `questions` (`id`, `race`, `checkpoint`, `driver`, `date_asked`, `answer`, `alert`, `date_answered`) VALUES
(63, 6, 1646, 17, '2009-12-09 11:43:22', 4, 153, '2010-01-20 12:37:39'),
(272, 6, 1646, 17, '2009-12-09 11:43:22', 2, 153, '2010-01-20 12:37:44'),
(273, 6, 1646, 17, '0000-00-00 00:00:00', 1, 153, '2010-01-20 12:37:47'),
(274, 13, 1705, 17, '2010-01-23 07:30:38', 1, 261, '2010-01-23 07:30:52');

-- --------------------------------------------------------

--
-- Table structure for table `races`
--

CREATE TABLE IF NOT EXISTS `races` (
  `id` int(10) unsigned NOT NULL AUTO_INCREMENT,
  `name` varchar(250) NOT NULL,
  `length` int(10) unsigned NOT NULL,
  `type` int(10) unsigned NOT NULL COMMENT '0:desert,1:city,2:mountain,3:jungle',
  `max_speed` int(10) unsigned NOT NULL,
  `status` tinyint(1) unsigned NOT NULL DEFAULT '1' COMMENT '1:active',
  `date_start` datetime NOT NULL,
  `date_end` datetime NOT NULL,
  `maximum_time` int(10) unsigned NOT NULL COMMENT 'maximum time for a car to end this race in seconds',
  `min_score` int(10) unsigned NOT NULL,
  `min_race` tinyint(2) unsigned NOT NULL,
  `start_speed` tinyint(3) unsigned zerofill NOT NULL,
  PRIMARY KEY (`id`)
) ENGINE=InnoDB  DEFAULT CHARSET=utf8 ROW_FORMAT=DYNAMIC AUTO_INCREMENT=57 ;

--
-- Dumping data for table `races`
--

INSERT INTO `races` (`id`, `name`, `length`, `type`, `max_speed`, `status`, `date_start`, `date_end`, `maximum_time`, `min_score`, `min_race`, `start_speed`) VALUES
(1, 'بندرعباس-بوشهر', 800, 111, 80, 1, '2009-12-09 00:00:01', '2010-12-30 20:00:01', 259200, 0, 0, 040),
(2, 'ایلام-امیدیه', 800, 112, 80, 1, '2009-12-09 00:00:01', '2010-12-30 20:00:01', 259200, 0, 0, 040),
(3, 'تهران-مشهد', 800, 113, 80, 1, '2009-12-09 00:00:01', '2010-12-30 20:00:01', 259200, 0, 0, 040),
(4, 'مریوان-کازرون', 1500, 121, 90, 1, '2009-12-09 00:00:01', '2010-12-30 20:00:01', 259200, 8000, 11, 040),
(5, 'اصفهان-تهران', 1500, 122, 90, 1, '2009-12-09 00:00:01', '2010-12-30 20:00:01', 259200, 8000, 11, 040),
(6, 'یزد-قزوین', 1500, 123, 90, 1, '2009-12-09 00:00:01', '2010-12-30 20:00:01', 259200, 8000, 11, 040),
(7, 'تهران-تهران', 2000, 131, 100, 1, '2009-12-09 00:00:01', '2010-12-30 20:00:01', 259200, 20000, 12, 040),
(8, 'شهرکرد-اردکان', 800, 211, 60, 1, '2009-12-09 00:00:01', '2010-12-30 20:00:01', 259200, 0, 0, 040),
(9, 'فیروزکوه-طالقان', 800, 212, 60, 1, '2009-12-09 00:00:01', '2010-12-30 20:00:01', 259200, 0, 0, 040),
(10, 'کرمانشاه-خرم آباد', 800, 213, 60, 1, '2009-12-09 00:00:01', '2010-12-30 20:00:01', 259200, 0, 0, 040),
(11, 'دماوند-زنجان', 1500, 221, 70, 1, '2009-12-09 00:00:01', '2010-12-30 20:00:01', 259200, 8000, 21, 050),
(12, 'خرم آباد-شلمزار', 1500, 222, 70, 1, '2009-12-09 00:00:01', '2010-12-30 20:00:01', 259200, 8000, 21, 050),
(13, 'نهاوند-الیگودرز', 1500, 223, 70, 1, '2009-12-09 00:00:01', '2010-12-30 20:00:01', 259200, 8000, 21, 050),
(14, 'همدان-شلمزار', 2000, 231, 80, 1, '2009-12-09 00:00:01', '2010-12-30 20:00:01', 259200, 20000, 22, 060),
(15, 'آستارا-اردبیل', 800, 311, 60, 1, '2009-12-09 00:00:01', '2010-12-30 20:00:01', 259200, 0, 0, 040),
(16, 'بابلسر-لنگرود', 800, 312, 60, 1, '2009-12-09 00:00:01', '2010-12-30 20:00:01', 259200, 0, 0, 040),
(17, 'گرگان-سراب', 800, 313, 60, 1, '2009-12-09 00:00:01', '2010-12-30 20:00:01', 259200, 0, 0, 040),
(18, 'گنبدکاووس-رودبار', 1500, 321, 70, 1, '2009-12-09 00:00:01', '2010-12-30 20:00:01', 259200, 8000, 31, 050),
(19, 'ساری-ارومیه', 1500, 322, 70, 1, '2009-12-09 00:00:01', '2010-12-30 20:00:01', 259200, 8000, 31, 050),
(20, 'نور-سقز', 1500, 323, 70, 1, '2009-12-09 00:00:01', '2010-12-30 20:00:01', 259200, 8000, 31, 050),
(21, 'شاهرود-سقز', 2000, 331, 80, 1, '2009-12-09 00:00:01', '2010-12-30 20:00:01', 259200, 20000, 32, 060),
(22, 'دلیجان-اردکان', 800, 411, 80, 1, '2009-12-09 00:00:01', '2010-12-30 20:00:01', 259200, 0, 0, 060),
(23, 'جیرفت-فردوس', 800, 412, 80, 1, '2009-12-09 00:00:01', '2010-12-30 20:00:01', 259200, 0, 0, 060),
(24, 'کرمان-نیشابور', 800, 413, 80, 1, '2009-12-09 00:00:01', '2010-12-30 20:00:01', 259200, 0, 0, 060),
(25, 'بم-نیشابود', 1500, 421, 95, 1, '2009-12-09 00:00:01', '2010-12-30 20:00:01', 259200, 8000, 41, 070),
(26, 'زابل-چابهار', 1500, 422, 95, 1, '2009-12-09 00:00:01', '2010-12-30 20:00:01', 259200, 8000, 41, 070),
(27, 'بیرجند-نیکشهر', 1500, 423, 95, 1, '2009-12-09 00:00:01', '2010-12-30 20:00:01', 259200, 8000, 41, 070),
(28, 'طبس-چابهار', 2000, 431, 110, 1, '2009-12-09 00:00:01', '2010-12-30 20:00:01', 259200, 20000, 42, 080),
(29, 'بندرعباس-بوشهر', 800, 111, 80, 1, '2009-12-09 00:00:01', '2010-12-30 20:00:01', 259200, 0, 0, 040),
(30, 'ایلام-امیدیه', 800, 112, 80, 1, '2009-12-09 00:00:01', '2010-12-30 20:00:01', 259200, 0, 0, 040),
(31, 'تهران-مشهد', 800, 113, 80, 1, '2009-12-09 00:00:01', '2010-12-30 20:00:01', 259200, 0, 0, 040),
(32, 'مریوان-کازرون', 1500, 121, 90, 1, '2009-12-09 00:00:01', '2010-12-30 20:00:01', 259200, 8000, 11, 040),
(33, 'اصفهان-تهران', 1500, 122, 90, 1, '2009-12-09 00:00:01', '2010-12-30 20:00:01', 259200, 8000, 11, 040),
(34, 'یزد-قزوین', 1500, 123, 90, 1, '2009-12-09 00:00:01', '2010-12-30 20:00:01', 259200, 8000, 11, 040),
(35, 'تهران-تهران', 2000, 131, 100, 1, '2009-12-09 00:00:01', '2010-12-30 20:00:01', 259200, 20000, 12, 040),
(36, 'شهرکرد-اردکان', 800, 211, 60, 1, '2009-12-09 00:00:01', '2010-12-30 20:00:01', 259200, 0, 0, 040),
(37, 'فیروزکوه-طالقان', 800, 212, 60, 1, '2009-12-09 00:00:01', '2010-12-30 20:00:01', 259200, 0, 0, 040),
(38, 'کرمانشاه-خرم آباد', 800, 213, 60, 1, '2009-12-09 00:00:01', '2010-12-30 20:00:01', 259200, 0, 0, 040),
(39, 'دماوند-زنجان', 1500, 221, 70, 1, '2009-12-09 00:00:01', '2010-12-30 20:00:01', 259200, 8000, 21, 050),
(40, 'خرم آباد-شلمزار', 1500, 222, 70, 1, '2009-12-09 00:00:01', '2010-12-30 20:00:01', 259200, 8000, 21, 050),
(41, 'نهاوند-الیگودرز', 1500, 223, 70, 1, '2009-12-09 00:00:01', '2010-12-30 20:00:01', 259200, 8000, 21, 050),
(42, 'همدان-شلمزار', 2000, 231, 80, 1, '2009-12-09 00:00:01', '2010-12-30 20:00:01', 259200, 20000, 22, 060),
(43, 'آستارا-اردبیل', 800, 311, 60, 1, '2009-12-09 00:00:01', '2010-12-30 20:00:01', 259200, 0, 0, 040),
(44, 'بابلسر-لنگرود', 800, 312, 60, 1, '2009-12-09 00:00:01', '2010-12-30 20:00:01', 259200, 0, 0, 040),
(45, 'گرگان-سراب', 800, 313, 60, 1, '2009-12-09 00:00:01', '2010-12-30 20:00:01', 259200, 0, 0, 040),
(46, 'گنبدکاووس-رودبار', 1500, 321, 70, 1, '2009-12-09 00:00:01', '2010-12-30 20:00:01', 259200, 8000, 31, 050),
(47, 'ساری-ارومیه', 1500, 322, 70, 1, '2009-12-09 00:00:01', '2010-12-30 20:00:01', 259200, 8000, 31, 050),
(48, 'نور-سقز', 1500, 323, 70, 1, '2009-12-09 00:00:01', '2010-12-30 20:00:01', 259200, 8000, 31, 050),
(49, 'شاهرود-سقز', 2000, 331, 80, 1, '2009-12-09 00:00:01', '2010-12-30 20:00:01', 259200, 20000, 32, 060),
(50, 'دلیجان-اردکان', 800, 411, 80, 1, '2009-12-09 00:00:01', '2010-12-30 20:00:01', 259200, 0, 0, 060),
(51, 'جیرفت-فردوس', 800, 412, 80, 1, '2009-12-09 00:00:01', '2010-12-30 20:00:01', 259200, 0, 0, 060),
(52, 'کرمان-نیشابور', 800, 413, 80, 1, '2009-12-09 00:00:01', '2010-12-30 20:00:01', 259200, 0, 0, 060),
(53, 'بم-نیشابود', 1500, 421, 95, 1, '2009-12-09 00:00:01', '2010-12-30 20:00:01', 259200, 8000, 41, 070),
(54, 'زابل-چابهار', 1500, 422, 95, 1, '2009-12-09 00:00:01', '2010-12-30 20:00:01', 259200, 8000, 41, 070),
(55, 'بیرجند-نیکشهر', 1500, 423, 95, 1, '2009-12-09 00:00:01', '2010-12-30 20:00:01', 259200, 8000, 41, 070),
(56, 'طبس-چابهار', 2000, 431, 110, 1, '2009-12-09 00:00:01', '2010-12-30 20:00:01', 259200, 20000, 42, 080);

-- --------------------------------------------------------

--
-- Table structure for table `records`
--

CREATE TABLE IF NOT EXISTS `records` (
  `id` int(10) unsigned NOT NULL AUTO_INCREMENT,
  `user` int(10) unsigned NOT NULL,
  `race` int(10) unsigned NOT NULL,
  `checkpoint` int(10) unsigned NOT NULL,
  `time` int(10) unsigned NOT NULL COMMENT 'times elapsed in seconds',
  `date` datetime NOT NULL COMMENT 'submitting date',
  `tiredness` tinyint(3) unsigned NOT NULL,
  `tire` tinyint(1) unsigned NOT NULL,
  `fuel` tinyint(3) unsigned NOT NULL,
  `water` tinyint(3) unsigned NOT NULL,
  `oil` tinyint(3) unsigned NOT NULL,
  `speed` tinyint(3) unsigned NOT NULL,
  PRIMARY KEY (`id`)
) ENGINE=InnoDB  DEFAULT CHARSET=utf8 ROW_FORMAT=DYNAMIC AUTO_INCREMENT=116 ;

--
-- Dumping data for table `records`
--

INSERT INTO `records` (`id`, `user`, `race`, `checkpoint`, `time`, `date`, `tiredness`, `tire`, `fuel`, `water`, `oil`, `speed`) VALUES
(9, 17, 4, 1627, 258016, '2009-12-12 11:25:29', 0, 0, 0, 0, 0, 2),
(10, 1, 10, 1680, 1004083, '2009-12-13 06:42:25', 0, 0, 0, 0, 0, 1),
(11, 1, 10, 1681, 1004083, '2009-12-13 06:42:25', 0, 0, 0, 0, 0, 1),
(12, 1, 10, 1682, 1004084, '2009-12-13 06:42:26', 0, 0, 0, 0, 0, 1),
(13, 17, 4, 1628, 327739, '2009-12-13 06:47:32', 0, 0, 0, 0, 0, 90),
(14, 17, 4, 1629, 327739, '2009-12-13 06:47:32', 0, 0, 0, 0, 0, 90),
(15, 17, 4, 1630, 327741, '2009-12-13 06:47:34', 0, 0, 0, 0, 0, 53),
(16, 17, 4, 1631, 327741, '2009-12-13 06:47:34', 0, 0, 0, 0, 0, 17),
(17, 17, 4, 1632, 327741, '2009-12-13 06:47:35', 0, 0, 0, 0, 0, 2),
(18, 17, 4, 1633, 327742, '2009-12-13 06:47:36', 0, 0, 0, 0, 0, 2),
(19, 17, 4, 1634, 327742, '2009-12-13 06:47:36', 0, 0, 0, 0, 0, 2),
(20, 24, 9, 1673, 57618, '2009-12-15 06:43:57', 0, 0, 0, 0, 0, 40),
(21, 24, 9, 1674, 57661, '2009-12-15 06:44:40', 0, 0, 0, 0, 0, 55),
(22, 24, 9, 1675, 57741, '2009-12-15 06:46:00', 0, 0, 0, 0, 0, 55),
(23, 17, 26, 1816, 100264, '2009-12-16 11:21:30', 0, 0, 0, 0, 0, 85),
(24, 17, 26, 1817, 100264, '2009-12-16 11:21:31', 0, 0, 0, 0, 0, 85),
(25, 17, 26, 1818, 100264, '2009-12-16 11:21:31', 0, 0, 0, 0, 0, 50),
(26, 1, 10, 1683, 1533037, '2009-12-19 09:38:19', 0, 0, 0, 0, 0, 1),
(27, 1, 10, 1684, 1533117, '2009-12-19 09:39:39', 0, 0, 0, 0, 0, 61),
(28, 1, 10, 1685, 1533122, '2009-12-19 09:39:44', 0, 0, 0, 0, 0, 60),
(29, 24, 9, 1676, 414828, '2009-12-19 09:57:27', 0, 0, 0, 0, 0, 55),
(30, 24, 9, 1677, 414911, '2009-12-19 09:58:50', 0, 0, 0, 0, 0, 63),
(31, 24, 9, 1678, 415124, '2009-12-19 10:02:23', 0, 0, 0, 0, 0, 75),
(32, 17, 26, 1819, 370002, '2009-12-19 14:17:09', 0, 0, 0, 0, 0, 16),
(33, 17, 26, 1820, 370087, '2009-12-19 14:18:34', 0, 0, 0, 0, 0, 17),
(34, 17, 26, 1821, 370151, '2009-12-19 14:19:38', 0, 0, 0, 0, 0, 4),
(35, 17, 26, 1822, 370248, '2009-12-19 14:21:15', 0, 0, 0, 0, 0, 4),
(36, 17, 26, 1823, 370261, '2009-12-19 14:21:28', 0, 0, 0, 0, 0, 19),
(37, 24, 1, 1606, 76009, '2009-12-20 07:10:16', 0, 0, 0, 0, 0, 70),
(38, 24, 1, 1607, 76025, '2009-12-20 07:10:32', 0, 0, 0, 0, 0, 85),
(39, 24, 1, 1608, 76062, '2009-12-20 07:11:09', 0, 0, 0, 0, 0, 80),
(40, 24, 1, 1609, 76085, '2009-12-20 07:11:33', 0, 0, 0, 0, 0, 77),
(41, 24, 1, 1610, 76099, '2009-12-20 07:11:47', 0, 0, 0, 0, 0, 77),
(42, 24, 1, 1611, 76548, '2009-12-20 07:19:16', 0, 0, 0, 0, 0, 45),
(43, 17, 15, 1726, 65706, '2009-12-20 08:36:48', 0, 0, 0, 0, 0, 40),
(44, 17, 15, 1727, 65707, '2009-12-20 08:36:49', 0, 0, 0, 0, 0, 40),
(45, 17, 15, 1728, 65708, '2009-12-20 08:36:50', 0, 0, 0, 0, 0, 23),
(46, 17, 15, 1729, 65727, '2009-12-20 08:37:09', 0, 0, 0, 0, 0, 7),
(47, 17, 15, 1730, 71871, '2009-12-20 10:19:33', 0, 0, 0, 0, 0, 60),
(48, 17, 15, 1731, 74055, '2009-12-20 10:55:57', 0, 0, 0, 0, 0, 35),
(49, 17, 18, 1747, 75819, '2009-12-21 07:59:40', 0, 0, 0, 0, 0, 65),
(50, 17, 18, 1748, 75819, '2009-12-21 07:59:40', 0, 0, 0, 0, 0, 65),
(51, 17, 18, 1749, 75820, '2009-12-21 07:59:41', 0, 0, 0, 0, 0, 38),
(52, 17, 18, 1750, 75822, '2009-12-21 07:59:43', 0, 0, 0, 0, 0, 12),
(53, 17, 18, 1751, 75823, '2009-12-21 07:59:44', 0, 0, 0, 0, 0, 2),
(54, 17, 18, 1752, 75835, '2009-12-21 07:59:56', 0, 0, 0, 0, 0, 2),
(55, 17, 18, 1753, 75836, '2009-12-21 07:59:57', 0, 0, 0, 0, 0, 2),
(56, 17, 18, 1754, 179313, '2009-12-22 12:44:34', 0, 0, 0, 0, 0, 2),
(57, 17, 5, 1636, 66637, '2009-12-23 07:19:36', 0, 0, 0, 0, 0, 55),
(58, 17, 5, 1637, 66637, '2009-12-23 07:19:36', 0, 0, 0, 0, 0, 55),
(59, 17, 5, 1638, 66638, '2009-12-23 07:19:37', 0, 0, 0, 0, 0, 32),
(60, 17, 5, 1639, 66641, '2009-12-23 07:19:40', 0, 0, 0, 0, 0, 10),
(61, 17, 21, 1774, 19017, '2009-12-28 11:44:19', 0, 0, 0, 0, 0, 60),
(62, 17, 14, 1715, 69057, '2010-01-06 06:58:51', 0, 0, 0, 0, 0, 60),
(63, 17, 14, 1716, 69057, '2010-01-06 06:58:52', 0, 0, 0, 0, 0, 60),
(64, 17, 14, 1717, 69057, '2010-01-06 06:58:52', 0, 0, 0, 0, 0, 35),
(65, 17, 14, 1718, 69058, '2010-01-06 06:58:53', 0, 0, 0, 0, 0, 11),
(66, 1, 23, 1793, 85035, '2010-01-12 07:24:16', 0, 0, 0, 0, 0, 60),
(67, 1, 23, 1794, 85035, '2010-01-12 07:24:16', 0, 0, 0, 0, 0, 60),
(68, 1, 23, 1795, 106665, '2010-01-12 13:24:46', 0, 0, 0, 0, 0, 35),
(69, 1, 23, 1796, 106665, '2010-01-12 13:24:46', 0, 0, 0, 0, 0, 11),
(70, 17, 28, 1834, 67368, '2010-01-17 06:21:20', 0, 0, 0, 0, 0, 80),
(71, 17, 28, 1835, 67368, '2010-01-17 06:21:20', 0, 0, 0, 0, 0, 80),
(72, 17, 28, 1836, 67369, '2010-01-17 06:21:21', 0, 0, 0, 0, 0, 47),
(73, 17, 28, 1837, 71339, '2010-01-17 07:27:32', 0, 0, 0, 0, 0, 15),
(74, 17, 28, 1838, 71339, '2010-01-17 07:27:32', 0, 0, 0, 0, 0, 2),
(75, 17, 28, 1839, 71581, '2010-01-17 07:31:34', 0, 0, 0, 0, 0, 2),
(76, 17, 28, 1840, 71617, '2010-01-17 07:32:10', 0, 0, 0, 0, 0, 2),
(77, 1, 28, 1834, 138, '2010-01-17 11:48:58', 0, 0, 0, 0, 0, 80),
(78, 1, 28, 1835, 141, '2010-01-17 11:49:01', 0, 0, 0, 0, 0, 80),
(79, 1, 28, 1836, 141, '2010-01-17 11:49:02', 0, 0, 0, 0, 0, 80),
(80, 1, 28, 1837, 231, '2010-01-17 11:50:32', 0, 0, 0, 0, 0, 80),
(81, 1, 28, 1838, 233, '2010-01-17 11:50:34', 0, 0, 0, 0, 0, 80),
(82, 1, 28, 1839, 233, '2010-01-17 11:50:35', 0, 0, 0, 0, 0, 80),
(83, 1, 28, 1840, 236, '2010-01-17 11:50:38', 0, 0, 0, 0, 0, 80),
(84, 1, 28, 1841, 76603, '2010-01-18 09:03:25', 0, 0, 0, 0, 0, 80),
(85, 1, 28, 1842, 76604, '2010-01-18 09:03:26', 0, 0, 0, 0, 0, 80),
(87, 1, 28, 1844, 76604, '2010-01-18 09:03:27', 0, 0, 0, 0, 0, 80),
(88, 17, 28, 1841, 175748, '2010-01-18 12:27:41', 0, 0, 0, 0, 0, 17),
(89, 1, 28, 1841, 91339, '2010-01-18 13:09:02', 0, 0, 0, 0, 0, 80),
(90, 1, 28, 1842, 91340, '2010-01-18 13:09:03', 0, 0, 0, 0, 0, 80),
(91, 1, 28, 1843, 91572, '2010-01-18 13:12:55', 0, 0, 0, 0, 0, 80),
(92, 1, 28, 1844, 91572, '2010-01-18 13:12:55', 0, 0, 0, 0, 0, 80),
(93, 17, 28, 1842, 244827, '2010-01-19 07:39:00', 0, 0, 0, 0, 0, 17),
(94, 17, 28, 1843, 244828, '2010-01-19 07:39:01', 0, 0, 0, 0, 0, 17),
(95, 17, 28, 1844, 254309, '2010-01-19 10:17:02', 0, 0, 0, 0, 0, 17),
(96, 24, 15, 1726, 157024, '2010-01-19 10:25:49', 0, 0, 0, 0, 0, 40),
(97, 24, 15, 1727, 157121, '2010-01-19 10:27:26', 0, 0, 0, 0, 0, 40),
(98, 24, 15, 1728, 161654, '2010-01-19 11:42:59', 0, 0, 0, 0, 0, 40),
(99, 24, 15, 1729, 161795, '2010-01-19 11:45:20', 0, 0, 0, 0, 0, 70),
(100, 1, 20, 1766, 11838, '2010-01-19 12:36:30', 0, 0, 0, 0, 0, 40),
(101, 17, 20, 1766, 11850, '2010-01-19 12:36:30', 0, 0, 0, 0, 0, 0),
(102, 24, 15, 1730, 167714, '2010-01-19 13:23:59', 0, 0, 0, 0, 0, 60),
(103, 24, 15, 1731, 232551, '2010-01-20 07:24:36', 0, 0, 0, 0, 0, 60),
(104, 17, 6, 1645, 1397, '2010-01-20 07:51:03', 0, 0, 0, 0, 0, 40),
(105, 17, 6, 1646, 1399, '2010-01-20 07:51:05', 0, 0, 0, 0, 0, 40),
(113, 1, 6, 1646, 1390, '2010-01-20 07:59:30', 0, 0, 0, 0, 0, 40),
(114, 17, 6, 1647, 12310, '2010-01-20 10:52:57', 0, 0, 0, 0, 0, 2),
(115, 17, 6, 1648, 12334, '2010-01-20 10:53:21', 0, 0, 0, 0, 0, 2);

-- --------------------------------------------------------

--
-- Table structure for table `relations`
--

CREATE TABLE IF NOT EXISTS `relations` (
  `id` int(10) unsigned NOT NULL AUTO_INCREMENT,
  `inviter` int(10) unsigned NOT NULL,
  `guest` int(10) unsigned NOT NULL,
  `invitation_date` datetime NOT NULL,
  `status` tinyint(1) unsigned zerofill NOT NULL COMMENT '1:ok, 2:denied, 3:ignored',
  `answer_date` datetime NOT NULL,
  PRIMARY KEY (`id`)
) ENGINE=InnoDB  DEFAULT CHARSET=latin1 AUTO_INCREMENT=24 ;

--
-- Dumping data for table `relations`
--

INSERT INTO `relations` (`id`, `inviter`, `guest`, `invitation_date`, `status`, `answer_date`) VALUES
(20, 17, 18, '2009-12-05 09:08:28', 0, '0000-00-00 00:00:00'),
(21, 1, 17, '2009-12-13 06:45:01', 1, '0000-00-00 00:00:00'),
(22, 23, 17, '2009-12-13 07:07:02', 0, '0000-00-00 00:00:00'),
(23, 17, 24, '2009-12-14 14:46:37', 1, '0000-00-00 00:00:00');

-- --------------------------------------------------------

--
-- Table structure for table `system_flags`
--

CREATE TABLE IF NOT EXISTS `system_flags` (
  `id` int(10) unsigned NOT NULL AUTO_INCREMENT,
  `race11` tinyint(1) unsigned zerofill NOT NULL,
  `race12` tinyint(1) unsigned zerofill NOT NULL,
  `race13` tinyint(1) unsigned zerofill NOT NULL,
  `race21` tinyint(1) unsigned zerofill NOT NULL,
  `race22` tinyint(1) unsigned zerofill NOT NULL,
  `race23` tinyint(1) unsigned zerofill NOT NULL,
  `race31` tinyint(1) unsigned zerofill NOT NULL,
  `race32` tinyint(1) unsigned zerofill NOT NULL,
  `race33` tinyint(1) unsigned zerofill NOT NULL,
  PRIMARY KEY (`id`)
) ENGINE=InnoDB DEFAULT CHARSET=latin1 AUTO_INCREMENT=1 ;

--
-- Dumping data for table `system_flags`
--


-- --------------------------------------------------------

--
-- Table structure for table `tmp_ranks`
--

CREATE TABLE IF NOT EXISTS `tmp_ranks` (
  `id` int(10) unsigned NOT NULL AUTO_INCREMENT,
  `race` int(10) unsigned NOT NULL,
  `rank` int(10) unsigned NOT NULL DEFAULT '0',
  `time` int(10) unsigned NOT NULL,
  `final_standing` int(10) unsigned NOT NULL,
  PRIMARY KEY (`id`)
) ENGINE=InnoDB  DEFAULT CHARSET=latin1 AUTO_INCREMENT=4 ;

--
-- Dumping data for table `tmp_ranks`
--

INSERT INTO `tmp_ranks` (`id`, `race`, `rank`, `time`, `final_standing`) VALUES
(1, 12, 0, 79803, 14),
(2, 12, 0, 84700, 16),
(3, 12, 0, 109082, 15);

-- --------------------------------------------------------

--
-- Table structure for table `users`
--

CREATE TABLE IF NOT EXISTS `users` (
  `id` int(10) unsigned NOT NULL AUTO_INCREMENT,
  `first_name` varchar(250) NOT NULL,
  `last_name` varchar(250) NOT NULL,
  `email` varchar(250) NOT NULL,
  `password` varchar(250) NOT NULL,
  `photo` varchar(100) NOT NULL,
  `score` int(10) unsigned NOT NULL,
  `sex` tinyint(1) unsigned zerofill NOT NULL COMMENT '0:male',
  `birthdate` date NOT NULL,
  `car` int(10) unsigned DEFAULT '0',
  `registration_ip` varchar(45) NOT NULL,
  `registration_date` datetime NOT NULL,
  `logins` int(10) unsigned NOT NULL,
  `last_login_ip` varchar(45) NOT NULL,
  `last_login_date` datetime NOT NULL,
  `current_race` int(10) unsigned zerofill NOT NULL DEFAULT '0000000000',
  `current_checkpoint` int(10) unsigned zerofill NOT NULL DEFAULT '0000000000',
  `current_speed` int(10) unsigned NOT NULL DEFAULT '0',
  `current_tire` tinyint(3) unsigned NOT NULL DEFAULT '100' COMMENT '100:ok',
  `current_fuel` tinyint(3) unsigned NOT NULL DEFAULT '100',
  `current_oil` tinyint(3) unsigned NOT NULL DEFAULT '100',
  `current_water` tinyint(3) unsigned NOT NULL DEFAULT '100',
  `current_tiredness` tinyint(3) unsigned NOT NULL DEFAULT '100',
  `time_next_checkpoint` datetime NOT NULL,
  `nitro_count` tinyint(1) unsigned NOT NULL,
  `nitro_status` tinyint(1) unsigned NOT NULL,
  `mountain_lock_stat` tinyint(1) unsigned zerofill NOT NULL,
  `city_lock_stat` tinyint(1) unsigned zerofill NOT NULL,
  `desert_lock_stat` tinyint(1) unsigned zerofill NOT NULL,
  `jungle_lock_stat` tinyint(1) unsigned zerofill NOT NULL,
  `car_lock_stat` tinyint(1) unsigned zerofill NOT NULL,
  `last_status_update` datetime NOT NULL,
  `current_position` int(10) unsigned NOT NULL COMMENT 'meter passed',
  `current_time_passed` int(10) unsigned NOT NULL COMMENT 'seconds',
  `rally_count` int(10) unsigned NOT NULL DEFAULT '0',
  `newsletter` tinyint(1) unsigned NOT NULL DEFAULT '0',
  `plain_password` varchar(220) NOT NULL,
  `car_t` varchar(45) NOT NULL,
  `challenged` int(10) unsigned NOT NULL DEFAULT '0',
  `challenged_time` datetime DEFAULT NULL,
  `challenged_question` int(10) unsigned NOT NULL DEFAULT '0',
  `challenge_final_time` datetime NOT NULL,
  `city` varchar(45) NOT NULL,
  PRIMARY KEY (`id`)
) ENGINE=MyISAM  DEFAULT CHARSET=utf8 AUTO_INCREMENT=31 ;

--
-- Dumping data for table `users`
--

INSERT INTO `users` (`id`, `first_name`, `last_name`, `email`, `password`, `photo`, `score`, `sex`, `birthdate`, `car`, `registration_ip`, `registration_date`, `logins`, `last_login_ip`, `last_login_date`, `current_race`, `current_checkpoint`, `current_speed`, `current_tire`, `current_fuel`, `current_oil`, `current_water`, `current_tiredness`, `time_next_checkpoint`, `nitro_count`, `nitro_status`, `mountain_lock_stat`, `city_lock_stat`, `desert_lock_stat`, `jungle_lock_stat`, `car_lock_stat`, `last_status_update`, `current_position`, `current_time_passed`, `rally_count`, `newsletter`, `plain_password`, `car_t`, `challenged`, `challenged_time`, `challenged_question`, `challenge_final_time`, `city`) VALUES
(1, 'مریم', 'کریمی', 's.behzadi@yahoo.com', 'c4ca4238a0b923820dcc509a6f75849b', '91416d132ec6ee23f06cd602d45b1092.jpg', 77255, 0, '1961-07-11', 1, '192.168.1.21', '2009-12-01 15:43:20', 0, '', '0000-00-00 00:00:00', 0000000006, 0000001646, 2, 25, 25, 25, 25, 25, '2010-01-21 06:34:29', 0, 0, 0, 0, 0, 0, 0, '2010-01-20 11:02:29', 760933, 12860, 9, 0, '', '', 0, '0000-00-00 00:00:00', 0, '0000-00-00 00:00:00', ''),
(17, 'فواد', 'امیری', 'fouadami@yahoo.com', '827ccb0eea8a706c4c34a16891f84e7b', 'ca47c5886bd85a709dcae6c50a5380e5.jpg', 26145, 0, '1986-06-19', 17, '192.168.1.222', '2009-12-01 15:07:53', 0, '', '0000-00-00 00:00:00', 0000000013, 0000000000, 60, 100, 100, 100, 100, 100, '2010-01-23 13:30:37', 0, 0, 0, 0, 0, 0, 0, '2010-01-23 07:30:38', 13, 2, 10, 1, '', 'رنو دو در!', 0, '0000-00-00 00:00:00', 0, '0000-00-00 00:00:00', ''),
(23, 'پیتر', 'نورتون', 'peter@yahoo.com', '827ccb0eea8a706c4c34a16891f84e7b', 'cfc5bcd55b4cc50cee0480fbdb12fa86.jpg', 105, 0, '1942-03-21', 23, '192.168.1.222', '2009-12-13 07:01:50', 0, '', '0000-00-00 00:00:00', 0000000002, 0000000000, 55, 100, 100, 100, 100, 100, '2009-12-13 12:38:22', 0, 0, 0, 0, 0, 0, 0, '2009-12-13 07:11:23', 260, 20, 0, 0, '', '', 0, NULL, 0, '0000-00-00 00:00:00', ''),
(24, 'ساسان', 'بهزادی', 'sassan_behzadi@yahoo.com', 'c4ca4238a0b923820dcc509a6f75849b', 'ef428f96b79ef9c9aa778b13abd24381.jpg', 875, 0, '1961-07-11', 24, '192.168.1.21', '2009-12-14 14:39:05', 0, '', '0000-00-00 00:00:00', 0000000000, 0000000000, 60, 100, 100, 100, 100, 100, '2010-01-19 03:02:48', 0, 0, 0, 0, 0, 0, 0, '2010-01-20 07:26:17', 2981094, 232652, 4, 1, '', '', 0, NULL, 0, '0000-00-00 00:00:00', ''),
(22, 'سیروس', 'هاشمی', 'cyrus@yahoo.com', '827ccb0eea8a706c4c34a16891f84e7b', '7e4ae6c59d29d0ec9fcf1ea108c1f351.jpg', 0, 0, '1990-03-21', 22, '192.168.1.222', '2009-12-13 06:56:07', 0, '', '0000-00-00 00:00:00', 0000000000, 0000000000, 0, 100, 100, 100, 100, 100, '0000-00-00 00:00:00', 0, 0, 0, 0, 0, 0, 0, '0000-00-00 00:00:00', 0, 0, 0, 0, '', '', 0, NULL, 0, '0000-00-00 00:00:00', ''),
(25, 'یثصیثص', 'بثصبثص', 'fcfewf@fwe.com', 'c4ca4238a0b923820dcc509a6f75849b', '', 85, 0, '1943-04-23', 25, '192.168.1.222', '2009-12-15 07:21:49', 0, '', '0000-00-00 00:00:00', 0000000001, 0000000000, 55, 100, 100, 100, 100, 100, '2009-12-20 18:17:44', 0, 0, 0, 0, 0, 0, 0, '2009-12-20 12:52:01', 1419, 94, 0, 0, '', 'پژو 206', 0, NULL, 0, '0000-00-00 00:00:00', ''),
(26, 'پگاه', 'شمولی', 'pegy_67@yahoo.com', '827ccb0eea8a706c4c34a16891f84e7b', '7d674879e3bf3bd8b852ef4727110005.jpg', 0, 0, '1988-06-13', 0, '192.168.1.222', '2009-12-20 13:05:29', 0, '', '0000-00-00 00:00:00', 0000000000, 0000000000, 0, 100, 100, 100, 100, 100, '0000-00-00 00:00:00', 0, 0, 0, 0, 0, 0, 0, '0000-00-00 00:00:00', 0, 0, 0, 0, '', '', 0, NULL, 0, '0000-00-00 00:00:00', ''),
(27, 'علی', 'لهراسبی', 'aliali@yahoo.com', '827ccb0eea8a706c4c34a16891f84e7b', '', 295, 0, '1954-05-23', 27, '192.168.1.222', '2009-12-23 15:24:07', 0, '', '0000-00-00 00:00:00', 0000000016, 0000000000, 40, 100, 100, 100, 100, 100, '2009-12-30 13:30:52', 0, 0, 0, 0, 0, 0, 0, '2009-12-30 07:08:56', 45377, 4085, 1, 1, '', '', 0, NULL, 0, '0000-00-00 00:00:00', ''),
(28, 'بیسبیس', 'بیثصبثصبثص', 'hamidra20012@yahoo.com', 'ed67c4f2317154944d7244a5c5e384f9', '', 0, 0, '1943-04-23', 0, '192.168.1.222', '2010-01-20 11:55:20', 0, '', '0000-00-00 00:00:00', 0000000000, 0000000000, 0, 100, 100, 100, 100, 100, '0000-00-00 00:00:00', 0, 0, 0, 0, 0, 0, 0, '0000-00-00 00:00:00', 0, 0, 0, 0, '', 'frefeferfer', 0, NULL, 0, '0000-00-00 00:00:00', ''),
(29, 'سارا', 'کمالی', 'admin@jj.com', '1801bc89e752077204c92b3dd9f9f62d', '', 0, 1, '1954-04-23', 0, '192.168.1.222', '2010-01-20 13:00:54', 0, '', '0000-00-00 00:00:00', 0000000000, 0000000000, 0, 100, 100, 100, 100, 100, '0000-00-00 00:00:00', 0, 0, 0, 0, 0, 0, 0, '0000-00-00 00:00:00', 0, 0, 0, 0, '', 'رنو تندر90', 0, NULL, 0, '0000-00-00 00:00:00', ''),
(30, 'بقثب', 'بثصبثص', 'aliali1@yahoo.com', 'c4ca4238a0b923820dcc509a6f75849b', '', 0, 0, '1943-04-23', 30, '192.168.1.222', '2010-01-20 13:02:33', 0, '', '0000-00-00 00:00:00', 0000000000, 0000000000, 0, 100, 100, 100, 100, 100, '0000-00-00 00:00:00', 0, 0, 0, 0, 0, 0, 0, '0000-00-00 00:00:00', 0, 0, 0, 0, '', '', 0, NULL, 0, '0000-00-00 00:00:00', 'آذربایجان شرقی');

-- --------------------------------------------------------

--
-- Table structure for table `votes`
--

CREATE TABLE IF NOT EXISTS `votes` (
  `id` int(10) unsigned NOT NULL AUTO_INCREMENT,
  `car_id` int(10) unsigned NOT NULL,
  `user_id` int(10) unsigned NOT NULL,
  `type` tinyint(1) unsigned NOT NULL COMMENT '0:thumb_down',
  `date` datetime NOT NULL,
  PRIMARY KEY (`id`)
) ENGINE=InnoDB  DEFAULT CHARSET=latin1 AUTO_INCREMENT=65 ;

--
-- Dumping data for table `votes`
--

INSERT INTO `votes` (`id`, `car_id`, `user_id`, `type`, `date`) VALUES
(49, 17, 23, 1, '2009-12-13 07:07:09'),
(51, 17, 22, 1, '2009-12-13 07:07:46'),
(52, 1, 17, 0, '2009-12-13 07:08:10'),
(53, 23, 17, 1, '2009-12-13 07:08:18'),
(54, 17, 1, 1, '2009-12-13 07:08:37'),
(55, 22, 1, 1, '2009-12-13 07:08:55'),
(56, 23, 1, 0, '2009-12-13 07:09:01'),
(57, 1, 23, 0, '2009-12-13 07:09:33'),
(59, 17, 24, 1, '2009-12-14 14:47:16'),
(60, 1, 24, 1, '2009-12-14 14:51:18'),
(64, 24, 17, 0, '2010-01-20 12:07:18');
